"word1","word2","n"
"fellow","citizen",11
"man","woman",8
"health","care",7
"land","new",6
"new","century",6
"th","century",6
"american","people",5
"create","equal",5
"journey","complete",5
"let","side",5
"new","promise",5
"new","world",5
"answer","call",4
"be","much",4
"do","do",4
"let","begin",4
"middle","class",4
"much","do",4
"st","century",4
"american","story",3
"century","let",3
"change","change",3
"child","child",3
"citizen","world",3
"common","object",3
"fascism","communism",3
"good","life",3
"government","do",3
"great","nation",3
"let","say",3
"liberty","pursuit",3
"life","liberty",3
"new","era",3
"new","job",3
"oath","swear",3
"oath","take",3
"object","love",3
"other","nation",3
"own","way",3
"pass","new",3
"people","believe",3
"perfect","union",3
"place","man",3
"precious","gift",3
"pursuit","happiness",3
"sacred","oath",3
"thank","bless",3
"time","change",3
"whole","soul",3
"will","people",3
"word","speak",3
"work","do",3
"world","change",3
"year","year",3
"act","know",2
"american","covenant",2
"american","dream",2
"american","renewal",2
"ask","do",2
"ask","join",2
"bad","habit",2
"be","little",2
"be","work",2
"become","nation",2
"begin","anew",2
"begin","th",2
"blood","draw",2
"bring","new",2
"build","road",2
"call","bear",2
"call","history",2
"call","service",2
"cause","cause",2
"celebrate","today",2
"century","choice",2
"challenge","new",2
"challenge","today",2
"change","friend",2
"chapter","history",2
"child","future",2
"child","say",2
"citizen","citizen",2
"citizen","have",2
"civil","right",2
"cold","war",2
"common","danger",2
"common","purpose",2
"cost","health",2
"country","do",2
"create","new",2
"debate","role",2
"define","common",2
"depth","winter",2
"dignity","respect",2
"distinguish","guest",2
"do","work",2
"doesn","have",2
"dream","labor",2
"economy","world",2
"face","common",2
"fair","play",2
"fear","unity",2
"find","support",2
"finish","first",2
"first","day",2
"first","time",2
"force","good",2
"force","spring",2
"form","human",2
"found","document",2
"found","principle",2
"free","man",2
"full","measure",2
"future","generation",2
"generation","build",2
"generation","face",2
"generation","task",2
"gift","time",2
"give","good",2
"give","new",2
"good","ill",2
"good","job",2
"good","world",2
"government","new",2
"great","mall",2
"great","progress",2
"great","strength",2
"guest","fellow",2
"hard","choice",2
"hard","work",2
"have","duty",2
"have","go",2
"have","much",2
"high","standard",2
"history","carry",2
"hope","fear",2
"hope","virtue",2
"human","life",2
"individual","freedom",2
"information","age",2
"journey","go",2
"justice","liberty",2
"justice","make",2
"know","have",2
"know","price",2
"know","work",2
"last","year",2
"let","add",2
"let","build",2
"let","embrace",2
"let","go",2
"let","remember",2
"let","resolve",2
"liberty","union",2
"life","million",2
"light","world",2
"little","do",2
"lose","job",2
"make","change",2
"make","hard",2
"mean","creed",2
"meet","demand",2
"meet","moment",2
"meet","new",2
"meet","obligation",2
"moment","define",2
"much","century",2
"much","people",2
"much","responsibility",2
"much","year",2
"narrow","interest",2
"nation","great",2
"nation","know",2
"nation","people",2
"need","new",2
"need","other",2
"neighbor","nation",2
"new","age",2
"new","generation",2
"new","government",2
"new","land",2
"new","sense",2
"new","spirit",2
"new","weapon",2
"office","ask",2
"old","democracy",2
"old","hatred",2
"other","people",2
"own","life",2
"own","people",2
"own","sake",2
"parent","child",2
"peace","war",2
"people","government",2
"people","judge",2
"people","nation",2
"people","work",2
"personal","responsibility",2
"power","new",2
"powerful","nation",2
"problem","government",2
"racial","justice",2
"rage","fire",2
"reform","politic",2
"religious","political",2
"remember","timeless",2
"require","new",2
"responsibility","family",2
"responsibility","new",2
"revolution","civil",2
"right","man",2
"right","vote",2
"role","government",2
"rule","law",2
"school","college",2
"seek","new",2
"sense","responsibility",2
"set","sight",2
"short","spin",2
"show","way",2
"silent","prayer",2
"society","ill",2
"solve","problem",2
"spin","time",2
"spirit","community",2
"spirit","people",2
"stand","look",2
"stand","year",2
"strength","power",2
"strong","enough",2
"struggle","sacrifice",2
"success","liberty",2
"take","oath",2
"take","sacred",2
"take","time",2
"teach","child",2
"time","come",2
"time","great",2
"time","history",2
"time","place",2
"time","require",2
"today","celebrate",2
"today","say",2
"today","tomorrow",2
"today","victory",2
"true","creed",2
"true","found",2
"truth","evident",2
"unity","purpose",2
"vice","distinguish",2
"voice","people",2
"waste","precious",2
"watch","today",2
"woman","child",2
"work","hard",2
"work","prayer",2
"work","work",2
"world","ask",2
"world","come",2
"world","give",2
"year","serve",2
"2","article",1
"3","article",1
"3","time",1
"abandon","mastery",1
"abide","citizen",1
"abide","division",1
"ability","extend",1
"able","compete",1
"abolish","awful",1
"abolish","form",1
"absolute","control",1
"absolute","power",1
"absolutism","principle",1
"abundance","learn",1
"accept","seize",1
"accidental","self",1
"account","fate",1
"account","spend",1
"achieve","change",1
"achieve","imagination",1
"achieve","progress",1
"achievement","stand",1
"achievement","th",1
"acrimony","division",1
"act","act",1
"act","american",1
"act","behalf",1
"act","create",1
"act","idealism",1
"act","like",1
"act","peaceful",1
"act","time",1
"act","whole",1
"action","bold",1
"action","experience",1
"add","altar",1
"add","let",1
"add","own",1
"administration","lifetime",1
"advance","aim",1
"advance","common",1
"advance","politic",1
"advance","principle",1
"advance","purpose",1
"advance","timeless",1
"advantage","feel",1
"adversary","grow",1
"adversary","neighbor",1
"adversary","offer",1
"adversary","threaten",1
"affair","moment",1
"affect","today",1
"affirm","promise",1
"afford","delay",1
"afford","indifference",1
"afford","retirement",1
"african","minority",1
"age","build",1
"age","come",1
"age","do",1
"age","global",1
"age","home",1
"age","instrument",1
"age","reach",1
"age","test",1
"aggression","subversion",1
"agree","contour",1
"aid","crisis",1
"aim","induce",1
"air","majestic",1
"airport","farm",1
"alarm","common",1
"alarm","steady",1
"alive","child",1
"all","demand",1
"allegiance","idea",1
"alliance","assure",1
"alliance","corner",1
"alliance","endure",1
"alliance","engage",1
"alliance","progress",1
"allow","seek",1
"ally","cultural",1
"ally","work",1
"alone","world",1
"altar","brighten",1
"alter","uncertain",1
"ambition","good",1
"ambition","great",1
"ambition","suggest",1
"amen","folk",1
"american","allegiance",1
"american","anthem",1
"american","cross",1
"american","free",1
"american","have",1
"american","heart",1
"american","history",1
"american","ideal",1
"american","join",1
"american","land",1
"american","life",1
"american","promise",1
"american","soldier",1
"american","treasure",1
"american","true",1
"american","way",1
"amidst","gather",1
"ancestor","thank",1
"anchor","strong",1
"ancient","hatred",1
"ancient","heritage",1
"ancient","leader",1
"ancient","value",1
"ancient","vision",1
"anew","energy",1
"anew","quest",1
"anew","vow",1
"angel","prevail",1
"anger","resentment",1
"animosity","new",1
"answer","be",1
"answer","intend",1
"answer","resound",1
"answer","turn",1
"anthem","verse",1
"apologize","way",1
"app","note",1
"approach","see",1
"area","writ",1
"argument","consume",1
"arm","affect",1
"arm","arm",1
"arm","bring",1
"arm","need",1
"arm","rule",1
"arm","sufficient",1
"army","match",1
"art","commerce",1
"article","covenant",1
"article","union",1
"articulate","declaration",1
"ask","american",1
"ask","bless",1
"ask","country",1
"ask","good",1
"ask","hope",1
"ask","let",1
"ask","member",1
"ask","much",1
"ask","same",1
"ask","today",1
"ask","word",1
"aspire","belong",1
"assembly","last",1
"assist","free",1
"assume","new",1
"assume","personal",1
"assure","fruitful",1
"assure","rule",1
"assure","struggle",1
"assure","survival",1
"asunder","new",1
"atom","explore",1
"atom","race",1
"attack","democracy",1
"authority","office",1
"authority","succumb",1
"avoid","awful",1
"avoid","devastate",1
"await","defeat",1
"await","next",1
"awesome","joy",1
"awful","bloodshed",1
"awful","scourge",1
"back","tiger",1
"bad","hazard",1
"balance","budget",1
"balance","power",1
"balance","terror",1
"balance","value",1
"band","patriot",1
"bankrupt","enterprise",1
"base","mutual",1
"basic","measure",1
"battalion","ant",1
"battle","embattled",1
"battle","perennial",1
"battle","unmatched",1
"be","account",1
"be","clear",1
"be","destiny",1
"be","embrace",1
"be","fragile",1
"be","give",1
"be","grind",1
"be","lie",1
"be","make",1
"be","other",1
"be","peace",1
"be","people",1
"be","possibility",1
"be","preserve",1
"be","program",1
"be","question",1
"be","restless",1
"be","rule",1
"be","satisfy",1
"be","truth",1
"be","world",1
"be","wrong",1
"beach","head",1
"beacon","world",1
"bear","ancestor",1
"bear","arm",1
"bear","bleak",1
"bear","burden",1
"bear","century",1
"bear","know",1
"bear","revolution",1
"bear","sacred",1
"bear","secret",1
"bear","th",1
"bear","witness",1
"beautiful","capital",1
"become","become",1
"become","difficult",1
"become","forum",1
"become","people",1
"become","prey",1
"become","try",1
"become","world",1
"bed","night",1
"begin","journey",1
"begin","leave",1
"begin","listen",1
"begin","mind",1
"begin","possibility",1
"begin","remember",1
"begin","renew",1
"begin","sacred",1
"begin","signify",1
"begin","work",1
"behalf","freedom",1
"behalf","salute",1
"belaboring","problem",1
"belief","choose",1
"belief","forebear",1
"belief","right",1
"belief","strange",1
"believe","citizen",1
"believe","country",1
"believe","do",1
"believe","endure",1
"believe","exchange",1
"believe","good",1
"believe","great",1
"believe","injustice",1
"believe","man",1
"believe","obligation",1
"believe","old",1
"believe","preserve",1
"believe","prosperity",1
"believe","sure",1
"believer","clamor",1
"believer","justice",1
"belong","other",1
"beloved","land",1
"bend","hope",1
"benefit","time",1
"bestow","mindful",1
"betray","child",1
"betray","forebear",1
"bicker","extreme",1
"big","come",1
"big","plan",1
"big","small",1
"big","sum",1
"big","thing",1
"billion","world",1
"bind","freedom",1
"bind","keep",1
"bind","nation",1
"bind","new",1
"bind","union",1
"biological","weapon",1
"birth","cold",1
"birth","wealth",1
"birthright","common",1
"bitter","peace",1
"bitter","swill",1
"bitterness","fury",1
"blame","society",1
"bleak","poverty",1
"bless","bless",1
"bless","help",1
"bless","land",1
"bless","protect",1
"blessing","liberty",1
"block","brave",1
"blood","generation",1
"bloodshed","stain",1
"blue","rural",1
"blueprint","human",1
"body","fee",1
"body","make",1
"bold","conviction",1
"bold","optimistic",1
"bold","persistent",1
"bold","swift",1
"boldness","be",1
"bond","mass",1
"bond","nation",1
"border","consume",1
"border","offer",1
"border","test",1
"borrow","planet",1
"bottom","heart",1
"boundary","demand",1
"bounty","water",1
"brave","frighten",1
"brave","icy",1
"brave","man",1
"brave","serve",1
"brave","very",1
"brave","woman",1
"breach","move",1
"break","bad",1
"break","bond",1
"break","land",1
"break","selflessness",1
"bridge","bridge",1
"bridge","electric",1
"bridge","enough",1
"bridge","mean",1
"bright","flame",1
"bright","new",1
"bright","young",1
"brighten","hope",1
"bring","absolute",1
"bring","endeavor",1
"bring","far",1
"bring","legacy",1
"bring","task",1
"bring","unite",1
"bring","victory",1
"bring","vision",1
"brink","hardship",1
"broad","outline",1
"broad","shoulder",1
"broadcast","billion",1
"brother","sister",1
"budget","lose",1
"build","bond",1
"build","bridge",1
"build","country",1
"build","democracy",1
"build","destroy",1
"build","future",1
"build","good",1
"build","much",1
"build","nation",1
"build","rush",1
"build","strong",1
"build","such",1
"build","unrivaled",1
"burden","let",1
"burden","long",1
"burden","meet",1
"business","close",1
"business","failure",1
"business","light",1
"business","shore",1
"business","shutter",1
"calculation","powerful",1
"call","action",1
"call","american",1
"call","battle",1
"call","bold",1
"call","foreign",1
"call","help",1
"call","lead",1
"call","lend",1
"call","old",1
"call","reason",1
"call","repairer",1
"call","shape",1
"call","thank",1
"camp","build",1
"campaign","humble",1
"campfire","shore",1
"candidate","cause",1
"candle","add",1
"cap","peak",1
"capacity","manage",1
"capacity","remain",1
"capacity","risk",1
"capital","capital",1
"capital","dawn",1
"capital","people",1
"capital","small",1
"capitalist","worker",1
"car","run",1
"care","afford",1
"care","cherish",1
"care","child",1
"care","costly",1
"care","devastate",1
"care","generation",1
"care","grandchild",1
"care","lend",1
"care","pay",1
"care","quality",1
"care","secure",1
"care","size",1
"care","today",1
"care","vulnerable",1
"carry","great",1
"carry","lesson",1
"carry","peaceful",1
"carry","pioneer",1
"carry","precious",1
"carry","rugged",1
"carry","skill",1
"carry","uncertain",1
"cascade","crisis",1
"cast","chain",1
"cast","voice",1
"cast","vote",1
"cause","democracy",1
"cause","force",1
"cause","great",1
"cause","total",1
"cause","unite",1
"ceaseless","strive",1
"cede","other",1
"ceil","wonder",1
"celebrate","man",1
"celebrate","mystery",1
"celebrate","triumph",1
"celebration","freedom",1
"celebration","hear",1
"celebration","initiative",1
"celebration","magnificent",1
"center","learn",1
"central","authority",1
"century","american",1
"century","ask",1
"century","avoid",1
"century","become",1
"century","bold",1
"century","bring",1
"century","challenge",1
"century","change",1
"century","flexible",1
"century","free",1
"century","great",1
"century","hold",1
"century","humble",1
"century","long",1
"century","nation",1
"century","new",1
"century","one",1
"century","quarter",1
"century","saint",1
"century","service",1
"century","storm",1
"century","temper",1
"century","time",1
"century","virus",1
"ceremony","broadcast",1
"ceremony","hold",1
"certain","chance",1
"certain","doubt",1
"certain","promise",1
"certain","today",1
"certain","unalienable",1
"chain","poverty",1
"challenge","advance",1
"challenge","await",1
"challenge","difficult",1
"challenge","face",1
"challenge","fail",1
"challenge","fearsome",1
"challenge","find",1
"challenge","future",1
"challenge","home",1
"challenge","idea",1
"challenge","odd",1
"challenge","past",1
"challenge","preserve",1
"challenge","profound",1
"challenge","restore",1
"challenge","strengthen",1
"challenge","unity",1
"challenge","will",1
"chance","go",1
"chance","lift",1
"chance","pursue",1
"chance","put",1
"chance","succeed",1
"change","american",1
"change","bear",1
"change","celebrate",1
"change","demand",1
"change","face",1
"change","fidelity",1
"change","give",1
"change","government",1
"change","growth",1
"change","guard",1
"change","hatred",1
"change","know",1
"change","lest",1
"change","make",1
"change","preserve",1
"change","purpose",1
"change","rapid",1
"change","rest",1
"change","sake",1
"change","swear",1
"change","time",1
"changeless","sterile",1
"chapter","strong",1
"character","decade",1
"character","give",1
"character","people",1
"charity","peace",1
"charity","sure",1
"charter","assure",1
"charter","expand",1
"chemical","biological",1
"cherish","safe",1
"child","american",1
"child","believe",1
"child","decide",1
"child","disability",1
"child","eye",1
"child","founder",1
"child","globe",1
"child","go",1
"child","have",1
"child","imagine",1
"child","keep",1
"child","learn",1
"child","one",1
"child","parent",1
"child","race",1
"child","read",1
"child","safe",1
"child","seek",1
"child","short",1
"child","sleep",1
"child","street",1
"child","test",1
"child","work",1
"childish","thing",1
"choice","harness",1
"choice","make",1
"choice","own",1
"choice","prepare",1
"choice","reduce",1
"choice","safety",1
"choice","spread",1
"choose","care",1
"choose","good",1
"choose","hope",1
"choose","sacrifice",1
"choose","shape",1
"church","write",1
"circle","citizenship",1
"citizen","deny",1
"citizen","deserve",1
"citizen","equal",1
"citizen","force",1
"citizen","freedom",1
"citizen","future",1
"citizen","last",1
"citizen","leader",1
"citizen","let",1
"citizen","move",1
"citizen","much",1
"citizen","prize",1
"citizen","prosperity",1
"citizen","represent",1
"citizen","sear",1
"citizen","skill",1
"citizen","stand",1
"citizen","time",1
"citizen","today",1
"citizen","waste",1
"citizenship","opportunity",1
"city","country",1
"city","countryside",1
"city","today",1
"civil","war",1
"civility","sign",1
"civilization","place",1
"claim","promise",1
"clamor","build",1
"class","make",1
"class","part",1
"class","security",1
"classroom","library",1
"clean","environment",1
"clean","water",1
"clear","course",1
"clear","division",1
"clerk","city",1
"climate","change",1
"climate","role",1
"cling","power",1
"cloak","pretense",1
"close","cry",1
"close","friend",1
"close","hand",1
"close","today",1
"cloud","rage",1
"coast","coast",1
"code","reform",1
"cold","month",1
"collapse","call",1
"colleague","serve",1
"collective","action",1
"collective","failure",1
"college","train",1
"college","university",1
"colonial","control",1
"color","belief",1
"color","map",1
"color","skin",1
"come","answer",1
"come","carry",1
"come","come",1
"come","end",1
"come","exile",1
"come","faith",1
"come","generosity",1
"come","have",1
"come","indivisible",1
"come","live",1
"come","lock",1
"come","meet",1
"come","people",1
"come","planet",1
"come","proclaim",1
"come","promise",1
"come","reaffirm",1
"come","revolution",1
"come","see",1
"come","set",1
"come","small",1
"come","strong",1
"come","world",1
"cometh","morning",1
"comfort","present",1
"command","care",1
"command","undo",1
"commerce","bind",1
"commerce","culture",1
"commerce","global",1
"commerce","school",1
"commit","commit",1
"commit","equal",1
"commit","today",1
"commitment","make",1
"common","challenge",1
"common","creed",1
"common","defense",1
"common","destiny",1
"common","dream",1
"common","effort",1
"common","enemy",1
"common","enterprise",1
"common","good",1
"common","humanity",1
"commonplace","encyclopedia",1
"communication","commerce",1
"communism","missile",1
"communism","musket",1
"communism","today",1
"communist","do",1
"community","country",1
"community","defy",1
"community","good",1
"community","new",1
"community","sustain",1
"company","need",1
"compel","act",1
"compel","settle",1
"compete","faction",1
"compete","opportunity",1
"compete","win",1
"competition","fair",1
"competition","people",1
"complete","child",1
"complete","citizen",1
"complete","find",1
"complete","gay",1
"complete","union",1
"complete","wife",1
"computer","microchip",1
"conceive","justice",1
"confer","spare",1
"confidence","challenge",1
"confidence","knowledge",1
"confidence","land",1
"conflict","blame",1
"conflict","discord",1
"confront","defeat",1
"connection","commerce",1
"conquer","desert",1
"conquer","require",1
"conscience","compel",1
"conscience","international",1
"conscience","nation",1
"conscience","sure",1
"consequence","greed",1
"conservation","human",1
"conservative","liberal",1
"consider","road",1
"constant","advance",1
"constant","character",1
"constant","curse",1
"constant","struggle",1
"constitution","affirm",1
"constitution","defend",1
"constitution","protect",1
"constitution","strength",1
"construct","crisis",1
"consume","apply",1
"consume","world",1
"contempt","cloak",1
"continent","build",1
"continent","save",1
"continent","stick",1
"continue","end",1
"continue","lead",1
"continue","today",1
"contour","life",1
"control","arm",1
"control","judgment",1
"control","nation",1
"control","pass",1
"control","people",1
"convert","good",1
"conviction","create",1
"conviction","devote",1
"conviction","different",1
"conviction","endure",1
"conviction","long",1
"cooperation","push",1
"cooperation","show",1
"cooperation","understand",1
"cooperative","venture",1
"corner","earth",1
"corner","globe",1
"corruption","deceit",1
"cost","modern",1
"costly","school",1
"country","alarm",1
"country","course",1
"country","found",1
"country","freedom",1
"country","great",1
"country","invest",1
"country","know",1
"country","love",1
"country","party",1
"country","serve",1
"country","strong",1
"country","succeed",1
"country","take",1
"countryside","struggle",1
"courage","fair",1
"courage","patience",1
"courage","reinvent",1
"courage","storm",1
"courage","try",1
"course","character",1
"course","clear",1
"course","country",1
"course","renew",1
"course","side",1
"covenant","call",1
"covenant","justice",1
"covenant","land",1
"create","2",1
"creator","certain",1
"creed","describe",1
"creed","father",1
"creed","history",1
"creed","little",1
"creed","man",1
"crime","rob",1
"crime","take",1
"cripple","drought",1
"cripple","hate",1
"crisis","begin",1
"crisis","challenge",1
"crisis","era",1
"crisis","one",1
"crisis","pillar",1
"crisis","remind",1
"crisis","steel",1
"crisis","subject",1
"crisis","understand",1
"crisis","world",1
"crop","land",1
"cross","bless",1
"crucible","age",1
"cry","desperate",1
"cry","racial",1
"cry","survival",1
"cultural","spiritual",1
"culture","draw",1
"culture","fact",1
"culture","give",1
"cure","fear",1
"cure","government",1
"cure","right",1
"curiosity","loyalty",1
"current","endure",1
"cut","hour",1
"cut","massive",1
"cynic","fail",1
"dad","husband",1
"dad","lie",1
"danger","come",1
"danger","continue",1
"danger","face",1
"danger","shrink",1
"danger","trouble",1
"danger","winter",1
"dare","forget",1
"dare","meet",1
"dare","tempt",1
"dark","chapter",1
"dark","hour",1
"dark","impulse",1
"dark","power",1
"dark","winter",1
"datum","statistic",1
"daughter","earn",1
"daughter","friend",1
"dawn","civilization",1
"dawn","st",1
"day","bring",1
"day","call",1
"day","child",1
"day","come",1
"day","day",1
"day","free",1
"day","gather",1
"day","give",1
"day","history",1
"day","inspire",1
"day","know",1
"day","last",1
"day","life",1
"day","need",1
"day","noble",1
"day","pursuit",1
"day","remembrance",1
"day","restore",1
"day","riotous",1
"day","rise",1
"day","time",1
"day","violence",1
"day","whole",1
"deadlock","drift",1
"deadly","atom",1
"deadly","period",1
"deadly","virus",1
"deal","day",1
"debate","time",1
"decade","come",1
"decade","war",1
"deceit","silence",1
"decency","dignity",1
"decency","human",1
"decent","wage",1
"decide","fate",1
"decision","afford",1
"decision","time",1
"declaration","make",1
"declare","independence",1
"declare","problem",1
"declare","today",1
"decline","inevitable",1
"decode","blueprint",1
"dedication","let",1
"deed","let",1
"deed","new",1
"deep","abide",1
"deep","division",1
"deep","measure",1
"deep","real",1
"deepen","effort",1
"deepen","wellspring",1
"defeat","know",1
"defeat","lie",1
"defeat","time",1
"defend","constitution",1
"defend","democracy",1
"defend","freedom",1
"defend","give",1
"defend","people",1
"defend","truth",1
"defense","much",1
"defense","reject",1
"defense","terror",1
"define","character",1
"define","course",1
"define","generation",1
"define","liberty",1
"define","mean",1
"define","think",1
"defy","act",1
"deliver","future",1
"deliver","racial",1
"demand","conviction",1
"demand","deserve",1
"demand","drive",1
"demand","great",1
"demand","much",1
"demand","new",1
"demand","return",1
"demand","strength",1
"demand","time",1
"demand","today",1
"democracy","bring",1
"democracy","day",1
"democracy","defend",1
"democracy","dictatorship",1
"democracy","drive",1
"democracy","envy",1
"democracy","fragile",1
"democracy","freedom",1
"democracy","guide",1
"democracy","hope",1
"democracy","interest",1
"democracy","lead",1
"democracy","precious",1
"democracy","prevail",1
"democracy","rest",1
"democracy","strong",1
"democracy","truth",1
"democracy","unity",1
"demonization","tear",1
"deny","fellow",1
"deny","overwhelm",1
"depend","honesty",1
"depend","people",1
"depend","responsible",1
"depend","size",1
"depression","fascism",1
"depression","war",1
"depth","encourage",1
"describe","tolerance",1
"desert","distant",1
"desert","eradicate",1
"desert","unclimbed",1
"deserve","basic",1
"deserve","big",1
"deserve","chance",1
"deserve","good",1
"deserve","trust",1
"desperate","clear",1
"destine","deepen",1
"destiny","come",1
"destiny","history",1
"destiny","midst",1
"destroy","nation",1
"destroy","other",1
"destroy","path",1
"destruction","shake",1
"destruction","unleash",1
"determination","american",1
"determination","construct",1
"determination","single",1
"determine","modern",1
"devastate","family",1
"devastate","impact",1
"devote","country",1
"devotion","bring",1
"devotion","rest",1
"die","place",1
"die","untended",1
"die","watch",1
"difference","birth",1
"difference","everyday",1
"difference","opinion",1
"difference","other",1
"different","have",1
"different","man",1
"different","moment",1
"different","oath",1
"different","own",1
"different","pledge",1
"difficult","hour",1
"difficult","task",1
"difficult","time",1
"difficult","world",1
"digital","line",1
"dignity","justice",1
"dignity","love",1
"dignity","ready",1
"dignity","woman",1
"din","narrow",1
"diplomacy","possible",1
"disability","have",1
"disagree","democracy",1
"disagreement","doesn",1
"disagreement","lead",1
"discipline","hard",1
"discover","child",1
"discover","free",1
"disease","joblessness",1
"disease","tap",1
"disease","war",1
"dissent","guardrail",1
"dissent","know",1
"dissolve","world",1
"distant","mountain",1
"distrust","look",1
"disunion","pledge",1
"diversity","deep",1
"diversity","godsend",1
"diversity","openness",1
"divide","be",1
"divide","bounty",1
"divide","deep",1
"divide","hostile",1
"divide","let",1
"divide","race",1
"division","fellow",1
"division","foreign",1
"division","light",1
"division","own",1
"division","scar",1
"do","advance",1
"do","ask",1
"do","be",1
"do","believe",1
"do","betray",1
"do","business",1
"do","choose",1
"do","country",1
"do","dare",1
"do","day",1
"do","don",1
"do","drift",1
"do","due",1
"do","duty",1
"do","end",1
"do","faith",1
"do","free",1
"do","freedom",1
"do","generation",1
"do","good",1
"do","great",1
"do","grow",1
"do","guarantee",1
"do","harm",1
"do","history",1
"do","host",1
"do","know",1
"do","many",1
"do","million",1
"do","offer",1
"do","open",1
"do","seek",1
"do","teach",1
"do","thing",1
"do","winter",1
"do","world",1
"do","write",1
"document","require",1
"doer","maker",1
"dogma","strangle",1
"dollar","hold",1
"dome","mention",1
"domestic","product",1
"domestic","terrorism",1
"dominion","fellow",1
"dominion","tyranny",1
"don","get",1
"door","high",1
"door","shutter",1
"dot","earth",1
"doubt","employ",1
"draft","charter",1
"dramatic","change",1
"draw","end",1
"draw","lash",1
"draw","sword",1
"dream","alive",1
"dream","american",1
"dream","day",1
"dream","justice",1
"dream","new",1
"dream","quest",1
"drift","erode",1
"drift","new",1
"drive","conviction",1
"drive","diversity",1
"drive","sacred",1
"drought","much",1
"drug","gang",1
"drug","work",1
"due","season",1
"duration","service",1
"dust","begin",1
"duty","accept",1
"duty","awesome",1
"duty","heal",1
"duty","immigrant",1
"duty","responsibility",1
"duty","world",1
"dying","campfire",1
"early","generation",1
"earn","heritage",1
"earn","journey",1
"earn","live",1
"earn","livelihood",1
"earn","peace",1
"earth","command",1
"echo","laughter",1
"economic","recovery",1
"economic","vitality",1
"economy","call",1
"economy","depend",1
"economy","protect",1
"economy","require",1
"economy","shake",1
"economy","strong",1
"economy","weaken",1
"edge","bright",1
"edge","new",1
"edge","st",1
"education","citizen",1
"education","open",1
"educational","opportunity",1
"effect","world",1
"effort","common",1
"effort","determination",1
"effort","great",1
"effort","help",1
"effort","pledge",1
"elect","national",1
"electric","grid",1
"else","american",1
"else","law",1
"else","stand",1
"elusive","thing",1
"emanate","justness",1
"emancipation","proclamation",1
"embattled","call",1
"embody","spirit",1
"embrace","democracy",1
"embrace","new",1
"embrace","rejoice",1
"embrace","solemn",1
"emerge","dark",1
"employ","great",1
"empower","citizen",1
"encourage","art",1
"encyclopedia","million",1
"end","american",1
"end","begin",1
"end","era",1
"end","journey",1
"end","mall",1
"end","own",1
"end","petty",1
"end","turn",1
"end","uncivil",1
"end","world",1
"endeavor","light",1
"endeavor","new",1
"endless","capacity",1
"endow","creator",1
"endure","century",1
"endure","conviction",1
"endure","covenant",1
"endure","have",1
"endure","ideal",1
"endure","lash",1
"endure","nation",1
"endure","night",1
"endure","prevail",1
"endure","security",1
"endure","spirit",1
"endure","storm",1
"endure","strength",1
"enemy","advance",1
"enemy","grand",1
"enemy","make",1
"enemy","man",1
"enemy","new",1
"enemy","retreat",1
"enemy","sure",1
"enemy","year",1
"energy","adversary",1
"energy","faith",1
"energy","hope",1
"energy","source",1
"engage","world",1
"engagement","lift",1
"engine","own",1
"engineer","enlist",1
"engulf","humanity",1
"enjoy","relative",1
"enlarge","area",1
"enlarge","possibility",1
"enlist","workforce",1
"ennoble","faith",1
"enough","american",1
"enough","challenge",1
"enough","come",1
"enough","face",1
"enough","give",1
"enough","seek",1
"enough","strong",1
"enrich","life",1
"ensure","competition",1
"enter","tough",1
"enterprise","cause",1
"enterprise","conservation",1
"enterprise","great",1
"enterprise","insistence",1
"entitle","do",1
"entrust","generation",1
"environment","problem",1
"environment","world",1
"envy","world",1
"equal","effort",1
"equal","endow",1
"equal","eye",1
"equal","free",1
"equal","harsh",1
"equal","journey",1
"equal","law",1
"equal","love",1
"equal","star",1
"equality","survive",1
"equip","child",1
"era","approach",1
"era","deadlock",1
"era","peace",1
"era","responsibility",1
"eradicate","disease",1
"erode","resource",1
"eternal","peace",1
"everyday","life",1
"evidence","way",1
"evident","execute",1
"evident","man",1
"evident","truth",1
"example","power",1
"example","temper",1
"exceptional","make",1
"exchange","place",1
"excitement","become",1
"execute","duration",1
"execute","freedom",1
"exercise","right",1
"exhaust","outrage",1
"exhilarate","challenge",1
"exile","strange",1
"expand","blood",1
"expand","freedom",1
"expect","find",1
"expect","government",1
"expedience","sake",1
"expel","country",1
"experience","transform",1
"experimentation","government",1
"explode","world",1
"explore","heaven",1
"explore","problem",1
"explore","star",1
"extend","capacity",1
"extend","circle",1
"extend","hand",1
"extend","opportunity",1
"extend","preserve",1
"extreme","partisanship",1
"extremism","lawlessness",1
"extremism","supremacy",1
"eye","challenge",1
"eye","fix",1
"eye","girl",1
"eye","market",1
"eye","own",1
"eye","wander",1
"face","anger",1
"face","attack",1
"face","end",1
"face","engagement",1
"face","fascism",1
"face","hard",1
"face","job",1
"face","pandemic",1
"face","peril",1
"face","political",1
"face","present",1
"face","real",1
"face","see",1
"face","show",1
"fact","face",1
"fact","manipulate",1
"faction","distrust",1
"factory","thrive",1
"fail","act",1
"fail","forget",1
"fail","many",1
"fail","seize",1
"fail","understand",1
"failure","course",1
"failure","do",1
"failure","make",1
"failure","stagnant",1
"faint","joyful",1
"fainthearted","prefer",1
"faith","action",1
"faith","american",1
"faith","courage",1
"faith","determination",1
"faith","devotion",1
"faith","discipline",1
"faith","drive",1
"faith","freedom",1
"faith","join",1
"faith","nation",1
"faith","origin",1
"faith","place",1
"faith","reason",1
"faith","see",1
"faithful","friend",1
"faithful","ideal",1
"fall","hero",1
"fall","rest",1
"false","choice",1
"false","promise",1
"fame","risk",1
"family","brink",1
"family","close",1
"family","come",1
"family","community",1
"family","deny",1
"family","find",1
"family","live",1
"family","neighbor",1
"family","provide",1
"family","threaten",1
"family","thrive",1
"fanaticism","terror",1
"fantastic","change",1
"fantasy","day",1
"far","evidence",1
"far","region",1
"farm","factory",1
"farm","flourish",1
"farmer","clerk",1
"fate","deal",1
"fate","fortunate",1
"fate","nation",1
"father","bear",1
"father","declare",1
"father","face",1
"father","little",1
"favor","prosperous",1
"fear","crime",1
"fear","decline",1
"fear","demonization",1
"fear","illness",1
"fear","let",1
"fear","negotiate",1
"fear","remain",1
"fear","trepidation",1
"fearsome","strength",1
"fee","commerce",1
"fee","hungry",1
"feel","home",1
"feel","pain",1
"fellow","ask",1
"fellow","close",1
"fellow","countryman",1
"fellow","force",1
"fellow","have",1
"fellow","look",1
"fellow","make",1
"fellow","man",1
"fellow","mom",1
"fellow","oath",1
"fellow","passenger",1
"fellow","play",1
"fellow","say",1
"fellow","stand",1
"fellow","strong",1
"fellow","time",1
"fellow","view",1
"fellow","work",1
"few","classroom",1
"few","day",1
"few","do",1
"few","generation",1
"few","people",1
"few","rich",1
"few","rule",1
"few","wilderness",1
"few","worldly",1
"fiction","society",1
"fidelity","found",1
"fight","die",1
"fight","foe",1
"fight","issue",1
"fight","learn",1
"fight","replace",1
"fight","support",1
"fill","heart",1
"fill","smoke",1
"final","judge",1
"final","success",1
"final","war",1
"find","good",1
"find","job",1
"find","land",1
"find","mean",1
"find","new",1
"find","place",1
"find","pride",1
"find","time",1
"find","way",1
"find","work",1
"finish","enemy",1
"fire","cripple",1
"fire","destroy",1
"fire","light",1
"firefighter","courage",1
"firm","knowledge",1
"first","act",1
"first","justice",1
"first","revolution",1
"first","woman",1
"fix","horizon",1
"flag","wave",1
"flame","battle",1
"flame","freedom",1
"flexible","enough",1
"flourish","first",1
"flourish","let",1
"flow","nourish",1
"foe","assure",1
"foe","face",1
"foe","torch",1
"foe","work",1
"folk","colleague",1
"folk","time",1
"follow","long",1
"follow","same",1
"follow","surpass",1
"foolish","fantasy",1
"footprint","great",1
"force","destroy",1
"force","divide",1
"force","example",1
"force","fascism",1
"force","information",1
"force","necessary",1
"force","progress",1
"force","shake",1
"force","stop",1
"force","wait",1
"forebear","create",1
"forebear","fight",1
"forebear","guide",1
"forebear","prescribe",1
"forebear","true",1
"forebearers","generation",1
"foreign","domestic",1
"foreign","live",1
"forest","waterway",1
"forge","earn",1
"forge","enemy",1
"forget","abundance",1
"forget","country",1
"forget","great",1
"forget","people",1
"forget","today",1
"form","colonial",1
"form","perfect",1
"former","foe",1
"formulate","serious",1
"fortify","world",1
"fortunate","unfortunate",1
"fortune","spirit",1
"fortune","time",1
"forty","take",1
"forum","invective",1
"found","creed",1
"found","father",1
"found","generation",1
"foundation","come",1
"foundation","growth",1
"foundation","nation",1
"founder","declare",1
"founder","see",1
"founder","teach",1
"founder","understand",1
"fracture","economy",1
"fracture","nation",1
"fragile","hate",1
"free","believe",1
"free","deserve",1
"free","enterprise",1
"free","equal",1
"free","government",1
"free","market",1
"free","people",1
"free","pledge",1
"free","society",1
"free","stable",1
"free","take",1
"free","threat",1
"freedom","ask",1
"freedom","bind",1
"freedom","cause",1
"freedom","deliver",1
"freedom","gift",1
"freedom","have",1
"freedom","hour",1
"freedom","maintain",1
"freedom","man",1
"freedom","million",1
"freedom","pack",1
"freedom","remember",1
"freedom","require",1
"freedom","reserve",1
"freedom","soul",1
"freedom","spread",1
"freedom","symbolize",1
"freedom","thank",1
"freedom","threaten",1
"freedom","unmatched",1
"friend","ally",1
"friend","carry",1
"friend","democracy",1
"friend","enemy",1
"friend","foe",1
"friend","follow",1
"friend","former",1
"friend","lose",1
"friend","nation",1
"friend","neighbor",1
"friend","oppose",1
"frighten","find",1
"fruit","land",1
"fruitful","life",1
"fuel","car",1
"fuel","fanaticism",1
"full","potential",1
"fury","progress",1
"future","build",1
"future","fear",1
"future","founder",1
"future","peace",1
"future","people",1
"future","precious",1
"future","remember",1
"future","require",1
"future","same",1
"future","seem",1
"future","world",1
"gain","few",1
"gang","crime",1
"gather","choose",1
"gather","cloud",1
"gather","inaugurate",1
"gather","march",1
"gay","brother",1
"generate","wealth",1
"generation","be",1
"generation","bear",1
"generation","choice",1
"generation","covenant",1
"generation","define",1
"generation","finish",1
"generation","follow",1
"generation","generation",1
"generation","give",1
"generation","grant",1
"generation","have",1
"generation","keep",1
"generation","low",1
"generation","raise",1
"generation","spirit",1
"generation","summon",1
"generation","test",1
"generation","toil",1
"generation","young",1
"generosity","cooperation",1
"generosity","state",1
"generous","spirit",1
"get","answer",1
"get","look",1
"get","news",1
"gift","freedom",1
"gift","noble",1
"gift","reinvention",1
"gift","secure",1
"girl","bear",1
"girl","boy",1
"give","capital",1
"give","chance",1
"give","democracy",1
"give","difficult",1
"give","earn",1
"give","expedience",1
"give","judgment",1
"give","keep",1
"give","last",1
"give","opportunity",1
"give","power",1
"give","promise",1
"give","real",1
"give","republic",1
"give","service",1
"give","testimony",1
"give","tool",1
"give","wisdom",1
"give","word",1
"gladly","firm",1
"global","alliance",1
"global","investment",1
"global","society",1
"globe","belief",1
"globe","hang",1
"globe","million",1
"globe","seek",1
"globe","struggle",1
"glow","fire",1
"go","college",1
"go","come",1
"go","fellow",1
"go","free",1
"go","hand",1
"go","history",1
"go","hungry",1
"go","lead",1
"go","need",1
"go","step",1
"go","test",1
"go","time",1
"go","work",1
"godsend","st",1
"good","angel",1
"good","believe",1
"good","conscience",1
"good","deed",1
"good","educational",1
"good","effort",1
"good","fortune",1
"good","good",1
"good","history",1
"good","hope",1
"good","let",1
"good","look",1
"good","people",1
"good","service",1
"good","way",1
"good","word",1
"good","work",1
"goodness","story",1
"government","be",1
"government","big",1
"government","cast",1
"government","change",1
"government","other",1
"government","people",1
"government","place",1
"government","question",1
"government","revamp",1
"government","small",1
"government","solution",1
"government","time",1
"government","today",1
"government","tomorrow",1
"government","undertake",1
"government","watch",1
"grand","capital",1
"grand","global",1
"grandchild","know",1
"grandparent","have",1
"grant","role",1
"grateful","happy",1
"grateful","trust",1
"gratitude","brave",1
"grave","responsibility",1
"grave","young",1
"great","chapter",1
"great","cooperation",1
"great","debate",1
"great","democracy",1
"great","difference",1
"great","different",1
"great","effort",1
"great","gift",1
"great","good",1
"great","hope",1
"great","land",1
"great","middle",1
"great","mighty",1
"great","natural",1
"great","powerful",1
"great","responsibility",1
"great","reward",1
"great","small",1
"great","society",1
"great","stake",1
"great","thing",1
"great","wealth",1
"greatness","endure",1
"greatness","give",1
"greatness","goodness",1
"greatness","sweat",1
"greatness","understand",1
"greed","irresponsibility",1
"grid","digital",1
"grievance","false",1
"grind","few",1
"grind","shift",1
"grind","world",1
"gross","domestic",1
"group","nation",1
"grow","connection",1
"grow","inequity",1
"grow","many",1
"grow","middle",1
"grow","prudent",1
"grow","small",1
"growth","seem",1
"guarantee","fail",1
"guarantee","real",1
"guard","own",1
"guardian","liberty",1
"guardrail","republic",1
"guide","ancient",1
"guide","forebear",1
"guide","guide",1
"guide","man",1
"guide","principle",1
"guide","story",1
"habit","do",1
"habit","expect",1
"half","century",1
"half","free",1
"half","slave",1
"hallow","grind",1
"hand","continent",1
"hand","fellow",1
"hand","good",1
"hand","have",1
"hand","mankind",1
"hand","new",1
"hand","power",1
"hand","raw",1
"hand","strength",1
"hand","will",1
"hang","balance",1
"hang","space",1
"happen","today",1
"happiness","few",1
"happiness","own",1
"happiness","progress",1
"happiness","real",1
"happiness","today",1
"happy","heart",1
"hard","bitter",1
"hard","fight",1
"hard","learn",1
"hard","little",1
"hard","truth",1
"harden","heart",1
"hardship","democracy",1
"hardship","let",1
"hardship","support",1
"harm","heir",1
"harness","industrial",1
"harness","new",1
"harness","sun",1
"harsh","favor",1
"harsh","ugly",1
"harvest","child",1
"harvest","sleep",1
"hate","destroy",1
"hate","hate",1
"hate","rob",1
"hatred","difference",1
"hatred","extremism",1
"hatred","new",1
"hatred","pass",1
"have","blood",1
"have","cause",1
"have","change",1
"have","different",1
"have","do",1
"have","earn",1
"have","face",1
"have","fight",1
"have","good",1
"have","great",1
"have","high",1
"have","make",1
"have","moment",1
"have","obligation",1
"have","own",1
"have","power",1
"have","promise",1
"have","rage",1
"have","same",1
"have","secure",1
"have","tell",1
"have","time",1
"have","turn",1
"hazard","misfortune",1
"head","cooperation",1
"heal","break",1
"heal","build",1
"heal","greatness",1
"heal","miracle",1
"hear","call",1
"hear","disagreement",1
"hear","move",1
"hear","preacher",1
"hear","proclaim",1
"hear","see",1
"hear","trumpet",1
"hear","will",1
"heart","bless",1
"heart","charity",1
"heart","come",1
"heart","day",1
"heart","dream",1
"heart","hand",1
"heart","know",1
"heart","old",1
"heart","pride",1
"heart","show",1
"heart","task",1
"heaven","invent",1
"heavy","burden",1
"heed","corner",1
"height","place",1
"heir","first",1
"heir","win",1
"help","answer",1
"help","believe",1
"help","family",1
"help","help",1
"help","know",1
"help","many",1
"help","period",1
"help","reclaim",1
"help","show",1
"help","trouble",1
"hemisphere","intend",1
"heritage","strength",1
"heritage","unwilling",1
"hero","give",1
"hero","lie",1
"heroic","journey",1
"high","education",1
"high","office",1
"highway","speed",1
"hill","quiet",1
"hire","people",1
"historic","effort",1
"historic","moment",1
"historic","number",1
"history","act",1
"history","american",1
"history","believe",1
"history","build",1
"history","challenge",1
"history","constant",1
"history","decide",1
"history","elect",1
"history","extend",1
"history","faith",1
"history","final",1
"history","hope",1
"history","meet",1
"history","much",1
"history","tell",1
"history","world",1
"hold","account",1
"hold","depth",1
"hold","ideal",1
"hold","mortal",1
"hold","truth",1
"home","lose",1
"home","rich",1
"home","shrink",1
"home","stand",1
"home","sweep",1
"home","world",1
"honest","labor",1
"honesty","hard",1
"honor","become",1
"honor","constitution",1
"honor","guardian",1
"honor","truth",1
"hope","age",1
"hope","become",1
"hope","bring",1
"hope","day",1
"hope","faith",1
"hope","faithful",1
"hope","find",1
"hope","follow",1
"hope","heart",1
"hope","man",1
"hope","mankind",1
"hope","patient",1
"hope","poor",1
"hope","renewal",1
"hope","truth",1
"hopeful","immigrant",1
"hopeful","people",1
"hopeless","poverty",1
"hopelessness","unity",1
"horizon","carry",1
"horseback","ocean",1
"host","cooperative",1
"hostile","camp",1
"hostile","power",1
"hour","day",1
"hour","exercise",1
"hour","friend",1
"hour","maximum",1
"hour","meet",1
"hour","patrol",1
"hour","see",1
"huddle","dying",1
"human","affair",1
"human","decency",1
"human","dignity",1
"human","heart",1
"human","poverty",1
"human","right",1
"human","spirit",1
"humanity","plan",1
"humanity","reveal",1
"humble","faith",1
"humble","gratitude",1
"humble","task",1
"humble","try",1
"humility","restraint",1
"humility","will",1
"hundred","thousand",1
"hungry","mind",1
"husband","wife",1
"hut","village",1
"icy","current",1
"icy","river",1
"idea","articulate",1
"idea","bear",1
"idea","ennoble",1
"idea","idea",1
"idea","infuse",1
"idea","new",1
"idea","pass",1
"idea","technology",1
"idea","temper",1
"ideal","borrow",1
"ideal","create",1
"ideal","forebear",1
"ideal","found",1
"ideal","life",1
"ideal","light",1
"idealism","help",1
"ignite","spark",1
"ill","cure",1
"ill","pay",1
"ill","west",1
"illness","home",1
"illness","seem",1
"imagination","join",1
"imagine","draft",1
"imagine","life",1
"immigrant","give",1
"immigrant","realize",1
"immigrant","see",1
"impact","rage",1
"important","life",1
"important","maintain",1
"important","thing",1
"impulse","lurk",1
"inadequate","need",1
"inaugural","thousand",1
"inaugurate","bear",1
"inauguration","th",1
"increase","bounty",1
"increase","inequality",1
"incredible","be",1
"independence","world",1
"indicator","crisis",1
"indifference","suffer",1
"indispensable","nation",1
"individual","ambition",1
"indivisible","carry",1
"induce","terror",1
"industrial","power",1
"industrial","revolution",1
"industry","claim",1
"inequality","deep",1
"inequity","sting",1
"inevitable","next",1
"infuse","conviction",1
"inhabit","much",1
"inherit","economy",1
"initiative","enterprise",1
"initiative","strengthen",1
"injustice","people",1
"innocent","say",1
"innovation","idea",1
"insistence","hard",1
"inspection","control",1
"inspire","hope",1
"inspire","story",1
"institution","extend",1
"instrument","meet",1
"instrument","peace",1
"instrument","war",1
"intend","move",1
"intend","remain",1
"interest","challenge",1
"interest","conscience",1
"interest","mutual",1
"interest","public",1
"interest","putting",1
"interest","regain",1
"interest","unity",1
"interest","world",1
"international","community",1
"internet","mystical",1
"intrigue","calculation",1
"invective","strengthen",1
"invent","computer",1
"invest","generation",1
"invest","much",1
"investment","mobile",1
"invoke","wonder",1
"iron","tyranny",1
"irresponsibility","part",1
"isolation","terrific",1
"issue","globe",1
"job","business",1
"job","certain",1
"job","decent",1
"job","future",1
"job","lie",1
"job","lose",1
"job","loss",1
"job","new",1
"job","see",1
"job","shed",1
"job","understand",1
"joblessness","hopelessness",1
"join","cause",1
"join","celebration",1
"join","common",1
"join","create",1
"join","force",1
"join","government",1
"join","historic",1
"join","moment",1
"join","oppose",1
"join","pledge",1
"join","reason",1
"journey","bridge",1
"journey","come",1
"journey","continue",1
"journey","end",1
"journey","life",1
"journey","share",1
"journey","shortcut",1
"joy","cometh",1
"joy","last",1
"joyful","mountaintop",1
"judge","build",1
"judge","deed",1
"judge","resolve",1
"judge","thy",1
"judgment","harsh",1
"judgment","man",1
"judgment","science",1
"jungle","suspicion",1
"justice","defer",1
"justice","die",1
"justice","promise",1
"justice","write",1
"justice","year",1
"justness","cause",1
"keep","company",1
"keep","freedom",1
"keep","health",1
"keep","old",1
"keep","safe",1
"keep","service",1
"keep","term",1
"keep","vigilant",1
"keeper","legacy",1
"kindness","take",1
"king","privilege",1
"kitchen","table",1
"know","care",1
"know","endure",1
"know","failure",1
"know","force",1
"know","friend",1
"know","heart",1
"know","hemisphere",1
"know","join",1
"know","make",1
"know","much",1
"know","new",1
"know","opportunity",1
"know","patchwork",1
"know","people",1
"know","posterity",1
"know","power",1
"know","resilience",1
"know","say",1
"know","speak",1
"know","surrender",1
"know","thank",1
"know","thrive",1
"know","today",1
"know","wish",1
"know","wrong",1
"knowledge","be",1
"knowledge","call",1
"knowledge","fate",1
"knowledge","go",1
"knowledge","power",1
"knowledge","sacrifice",1
"knowledge","surrounding",1
"lab","bring",1
"labor","carry",1
"labor","liberate",1
"labor","redeem",1
"land","conceive",1
"land","education",1
"land","find",1
"land","great",1
"land","heal",1
"land","horseback",1
"land","learn",1
"land","let",1
"land","love",1
"land","nag",1
"land","opportunity",1
"land","rich",1
"land","snow",1
"land","today",1
"land","world",1
"lane","know",1
"language","culture",1
"lash","blood",1
"lash","whip",1
"last","birthright",1
"last","full",1
"last","gather",1
"last","good",1
"last","month",1
"last","night",1
"last","peace",1
"last","presidential",1
"last","reach",1
"last","week",1
"laughter","child",1
"law","abide",1
"law","create",1
"law","heart",1
"law","right",1
"law","strong",1
"lawlessness","violence",1
"lead","ask",1
"lead","beloved",1
"lead","disunion",1
"lead","do",1
"lead","example",1
"lead","force",1
"lead","land",1
"lead","make",1
"lead","much",1
"lead","whole",1
"lead","world",1
"leader","give",1
"leader","globe",1
"leader","leader",1
"leader","pledge",1
"learn","democracy",1
"learn","hardship",1
"learn","know",1
"learn","man",1
"learn","much",1
"learn","open",1
"learn","scholar",1
"learn","union",1
"learn","work",1
"leave","country",1
"leave","footprint",1
"leave","people",1
"legacy","guide",1
"leisure","work",1
"lend","hand",1
"lend","mean",1
"lessen","nuclear",1
"lesson","past",1
"lesson","time",1
"lest","vital",1
"let","answer",1
"let","brave",1
"let","clean",1
"let","explore",1
"let","fear",1
"let","forget",1
"let","give",1
"let","join",1
"let","journey",1
"let","know",1
"let","lift",1
"let","mark",1
"let","meet",1
"let","nation",1
"let","negotiate",1
"let","neighbor",1
"let","oppress",1
"let","other",1
"let","put",1
"let","reject",1
"let","set",1
"let","shape",1
"let","start",1
"let","take",1
"let","tell",1
"let","weary",1
"let","word",1
"let","work",1
"levee","break",1
"level","defend",1
"liberate","family",1
"liberation","man",1
"liberty","bind",1
"liberty","creed",1
"liberty","demand",1
"liberty","dignity",1
"liberty","embody",1
"liberty","equality",1
"liberty","home",1
"liberty","own",1
"liberty","same",1
"library","child",1
"lie","age",1
"lie","bed",1
"lie","lie",1
"lie","look",1
"lie","new",1
"lie","tell",1
"life","administration",1
"life","bad",1
"life","call",1
"life","celebrate",1
"life","cure",1
"life","end",1
"life","fellow",1
"life","government",1
"life","journey",1
"life","leave",1
"life","mankind",1
"life","mean",1
"life","neighbor",1
"life","say",1
"life","serve",1
"life","time",1
"life","toil",1
"life","universal",1
"life","waver",1
"life","year",1
"lifetime","depression",1
"lifetime","planet",1
"lifetime","service",1
"lift","defense",1
"lift","eye",1
"lift","fortune",1
"lift","suspicion",1
"light","country",1
"light","darkness",1
"light","day",1
"light","freedom",1
"light","posterity",1
"like","ask",1
"like","enjoy",1
"like","long",1
"limitless","possess",1
"limitless","potential",1
"line","fee",1
"line","tribe",1
"listen","hear",1
"little","girl",1
"little","measurable",1
"little","other",1
"little","tolerance",1
"little","year",1
"live","democracy",1
"live","equal",1
"live","good",1
"live","hopeless",1
"live","learn",1
"live","life",1
"live","true",1
"livelihood","today",1
"local","restaurant",1
"lock","door",1
"long","blessing",1
"long","cold",1
"long","debate",1
"long","difficult",1
"long","heroic",1
"long","history",1
"long","twilight",1
"long","wind",1
"look","be",1
"look","folk",1
"look","great",1
"look","know",1
"look","own",1
"look","remarkable",1
"look","rocket",1
"look","scene",1
"look","stand",1
"look","understand",1
"look","uniquely",1
"look","worship",1
"lose","balance",1
"lose","hundred",1
"lose","know",1
"lose","life",1
"lose","million",1
"lose","past",1
"loss","sudden",1
"loud","din",1
"love","ask",1
"love","commit",1
"love","define",1
"love","heal",1
"love","heart",1
"low","cost",1
"low","sight",1
"low","temperature",1
"loyalty","faithful",1
"loyalty","patriotism",1
"lucky","happiness",1
"lurk","far",1
"maintain","economic",1
"maintain","let",1
"maintain","strong",1
"majestic","land",1
"majesty","mean",1
"make","adversary",1
"make","american",1
"make","anew",1
"make","country",1
"make","covenant",1
"make","difference",1
"make","exceptional",1
"make","farm",1
"make","flag",1
"make","government",1
"make","great",1
"make","health",1
"make","human",1
"make","journey",1
"make","kitchen",1
"make","lead",1
"make","moment",1
"make","move",1
"make","much",1
"make","nation",1
"make","other",1
"make","real",1
"make","rebuild",1
"make","reform",1
"make","revolution",1
"make","true",1
"make","whole",1
"make","word",1
"maker","thing",1
"mall","hear",1
"mall","man",1
"mall","speak",1
"mall","word",1
"man","charter",1
"man","citizen",1
"man","come",1
"man","create",1
"man","day",1
"man","dominion",1
"man","father",1
"man","find",1
"man","free",1
"man","hold",1
"man","life",1
"man","man",1
"man","own",1
"man","proud",1
"man","stand",1
"man","tyranny",1
"manage","crisis",1
"manage","public",1
"maneuver","position",1
"manipulate","manufacture",1
"mankind","final",1
"mankind","join",1
"many","big",1
"many","century",1
"many","fellow",1
"many","land",1
"many","life",1
"many","make",1
"many","poor",1
"march","music",1
"march","new",1
"march","right",1
"marginalize","victim",1
"mark","day",1
"mark","swear",1
"market","force",1
"market","spin",1
"market","thrive",1
"mass","misery",1
"massive","debt",1
"master","own",1
"master","rare",1
"mastery","destruction",1
"mastery","nature",1
"mastery","other",1
"match","strength",1
"math","science",1
"matter","live",1
"maximum","danger",1
"may","other",1
"mean","american",1
"mean","change",1
"mean","day",1
"mean","define",1
"mean","great",1
"mean","liberty",1
"mean","lot",1
"mean","moment",1
"mean","much",1
"mean","old",1
"mean","word",1
"measurable","profound",1
"measure","devotion",1
"measure","happiness",1
"measure","heart",1
"measure","security",1
"measure","unity",1
"medicine","last",1
"meet","challenge",1
"meet","face",1
"meet","faith",1
"meet","force",1
"meet","hardship",1
"meet","powerful",1
"meet","short",1
"meet","yesterday",1
"member","join",1
"memory","lose",1
"memory","short",1
"mention","complete",1
"mere","charity",1
"message","border",1
"microchip","deepen",1
"midst","change",1
"midst","crisis",1
"mighty","industrial",1
"mighty","peace",1
"millennium","edge",1
"million","able",1
"million","fracture",1
"million","job",1
"million","like",1
"million","man",1
"million","other",1
"million","poor",1
"million","schoolchild",1
"mind","inventive",1
"mindful","sacrifice",1
"minority","extend",1
"miracle","medicine",1
"miracle","neighbor",1
"misery","much",1
"misery","pledge",1
"missile","tank",1
"mission","demand",1
"mission","new",1
"mission","timeless",1
"mistake","absolutism",1
"mistake","enemy",1
"mob","think",1
"mobile","technology",1
"modern","economy",1
"modern","weapon",1
"mom","dad",1
"mom","say",1
"moment","betray",1
"moment","carry",1
"moment","companion",1
"moment","crisis",1
"moment","democracy",1
"moment","enough",1
"moment","generation",1
"moment","moment",1
"moment","outcome",1
"moment","require",1
"moment","seize",1
"moment","silence",1
"moment","silent",1
"moment","stand",1
"month","last",1
"month","small",1
"month","teach",1
"mortal","hand",1
"mortgage","think",1
"mother","daughter",1
"mountaintop","celebration",1
"move","conscience",1
"move","determine",1
"move","mission",1
"move","realize",1
"move","take",1
"move","welfare",1
"movement","people",1
"much","ancient",1
"much","celebrate",1
"much","control",1
"much","dare",1
"much","gain",1
"much","give",1
"much","government",1
"much","little",1
"much","make",1
"much","old",1
"much","opportunity",1
"much","order",1
"much","own",1
"much","place",1
"much","pledge",1
"much","powerful",1
"much","reach",1
"much","recall",1
"much","repair",1
"much","require",1
"much","resource",1
"much","rest",1
"much","vice",1
"much","word",1
"multiply","nation",1
"multitude","define",1
"music","time",1
"musket","militia",1
"muslim","world",1
"muster","determination",1
"mutual","interest",1
"mutual","respect",1
"myriad","diversity",1
"mystery","american",1
"mystical","province",1
"nag","fear",1
"naive","danger",1
"name","call",1
"name","go",1
"name","know",1
"nation","absolute",1
"nation","adversary",1
"nation","balance",1
"nation","be",1
"nation","believe",1
"nation","believer",1
"nation","care",1
"nation","coast",1
"nation","color",1
"nation","commit",1
"nation","defend",1
"nation","economy",1
"nation","fortify",1
"nation","future",1
"nation","generosity",1
"nation","good",1
"nation","grandparent",1
"nation","grave",1
"nation","history",1
"nation","like",1
"nation","make",1
"nation","man",1
"nation","meet",1
"nation","move",1
"nation","naive",1
"nation","need",1
"nation","nonbelievers",1
"nation","past",1
"nation","place",1
"nation","pledge",1
"nation","prophet",1
"nation","prosperous",1
"nation","rely",1
"nation","reward",1
"nation","speak",1
"nation","spread",1
"nation","state",1
"nation","stranger",1
"nation","summon",1
"nation","take",1
"nation","taker",1
"nation","technology",1
"nation","way",1
"nation","word",1
"nation","worker",1
"nation","world",1
"national","loyalty",1
"national","office",1
"national","treasure",1
"nativism","fear",1
"natural","bounty",1
"nature","multiply",1
"necessary","sustain",1
"necessity","courage",1
"need","call",1
"need","capitalist",1
"need","dramatic",1
"need","equip",1
"need","hand",1
"need","last",1
"need","reconnect",1
"need","strength",1
"need","time",1
"need","work",1
"negotiate","fear",1
"neighbor","coworker",1
"neighbor","know",1
"neighbor","suffer",1
"network","research",1
"network","violence",1
"new","alliance",1
"new","balance",1
"new","challenge",1
"new","danger",1
"new","day",1
"new","endeavor",1
"new","foundation",1
"new","future",1
"new","good",1
"new","history",1
"new","idea",1
"new","industry",1
"new","life",1
"new","many",1
"new","mean",1
"new","millennium",1
"new","miracle",1
"new","plague",1
"new","prospect",1
"new","purpose",1
"new","response",1
"new","responsibility",1
"new","season",1
"new","state",1
"new","target",1
"new","threat",1
"new","tie",1
"new","value",1
"new","vision",1
"new","wave",1
"new","way",1
"new","weak",1
"news","same",1
"news","travel",1
"next","century",1
"next","generation",1
"next","great",1
"next","man",1
"night","joy",1
"night","stare",1
"night","today",1
"noble","chapter",1
"noble","idea",1
"none","avoid",1
"nourish","starve",1
"nuclear","chemical",1
"nuclear","threat",1
"number","fellow",1
"nurture","child",1
"oath","country",1
"oath","different",1
"oath","give",1
"oath","patriot",1
"obligation","nation",1
"obligation","pass",1
"obligation","posterity",1
"obligation","shape",1
"obscure","labor",1
"observe","amen",1
"observe","today",1
"obsession","cripple",1
"occasion","oath",1
"occasion","question",1
"ocean","depth",1
"ocean","search",1
"odd","split",1
"offer","much",1
"offer","pledge",1
"offer","special",1
"office","party",1
"office","people",1
"office","vice",1
"old","age",1
"old","ally",1
"old","animosity",1
"old","dream",1
"old","friend",1
"old","mission",1
"old","order",1
"old","prejudice",1
"old","promise",1
"old","tell",1
"old","value",1
"old","way",1
"old","wound",1
"one","have",1
"one","own",1
"one","recite",1
"one","succeed",1
"one","try",1
"open","knowledge",1
"open","public",1
"open","soul",1
"openness","endless",1
"opinion","deep",1
"opportunity","all",1
"opportunity","bright",1
"opportunity","build",1
"opportunity","clean",1
"opportunity","dignity",1
"opportunity","guarantee",1
"opportunity","human",1
"opportunity","new",1
"opportunity","security",1
"opportunity","will",1
"oppose","aggression",1
"oppose","foe",1
"oppress","go",1
"optimistic","set",1
"order","changeless",1
"order","pass",1
"order","word",1
"origin","name",1
"origin","share",1
"other","adversary",1
"other","care",1
"other","day",1
"other","dignity",1
"other","end",1
"other","generation",1
"other","idea",1
"other","let",1
"other","need",1
"other","one",1
"other","person",1
"other","power",1
"other","pursue",1
"other","serve",1
"other","thing",1
"other","work",1
"other","young",1
"ours","time",1
"outcome","revolution",1
"outlast","defeat",1
"outline","year",1
"outpace","instrument",1
"outwear","program",1
"overburden","cost",1
"overcome","challenge",1
"overcome","deadly",1
"overwhelm","judgment",1
"owe","forebearers",1
"own","believe",1
"own","freedom",1
"own","heart",1
"own","house",1
"own","man",1
"own","ours",1
"own","renewal",1
"own","rocket",1
"own","understand",1
"own","union",1
"own","work",1
"pack","few",1
"pain","see",1
"painful","lesson",1
"pandemic","fellow",1
"pandemic","promise",1
"paper","say",1
"parent","willingness",1
"part","american",1
"part","collective",1
"part","common",1
"part","renewal",1
"part","tomorrow",1
"partial","stand",1
"participation","deserve",1
"partner","peace",1
"party","celebration",1
"party","do",1
"party","faction",1
"party","presence",1
"pass","generation",1
"pass","line",1
"pass","replace",1
"pass","today",1
"passenger","dot",1
"passion","dedication",1
"past","plague",1
"past","remain",1
"past","seek",1
"past","twilight",1
"past","year",1
"pat","protect",1
"patchwork","heritage",1
"path","disagreement",1
"path","fainthearted",1
"path","happiness",1
"path","prosperity",1
"path","sustainable",1
"patience","grateful",1
"patient","tribulation",1
"patriot","fight",1
"patriot","huddle",1
"patriot","take",1
"patriotism","thing",1
"patrol","desert",1
"pay","liberty",1
"pay","mortgage",1
"pay","price",1
"pay","way",1
"peace","bitterness",1
"peace","dark",1
"peace","dignity",1
"peace","freedom",1
"peace","old",1
"peace","preserve",1
"peace","progress",1
"peace","proud",1
"peace","renew",1
"peace","require",1
"peace","time",1
"peaceful","competition",1
"peaceful","diplomacy",1
"peaceful","revolution",1
"peaceful","transfer",1
"peaceful","world",1
"peak","be",1
"pen","paper",1
"people","bright",1
"people","century",1
"people","choose",1
"people","common",1
"people","declare",1
"people","entrust",1
"people","faith",1
"people","fate",1
"people","feel",1
"people","forge",1
"people","great",1
"people","hear",1
"people","heed",1
"people","hut",1
"people","job",1
"people","know",1
"people","let",1
"people","life",1
"people","maneuver",1
"people","meet",1
"people","multitude",1
"people","muster",1
"people","other",1
"people","patriot",1
"people","planet",1
"people","poor",1
"people","powerful",1
"people","remain",1
"people","rest",1
"people","return",1
"people","seek",1
"people","solution",1
"people","speak",1
"people","stop",1
"people","strange",1
"people","summon",1
"people","take",1
"people","teach",1
"people","toil",1
"people","understand",1
"people","union",1
"people","unite",1
"people","uphold",1
"people","want",1
"people","waste",1
"people","welfare",1
"people","whom",1
"people","will",1
"people","world",1
"people","yes",1
"perennial","victory",1
"peril","imagine",1
"peril","significant",1
"period","require",1
"period","virus",1
"permanent","class",1
"permit","slow",1
"perpetual","war",1
"persevere","dark",1
"persistent","experimentation",1
"person","find",1
"person","shoe",1
"person","train",1
"personal","advantage",1
"personal","interest",1
"petty","bicker",1
"petty","grievance",1
"physicist","today",1
"pick","dust",1
"pillar","history",1
"pioneer","begin",1
"pit","red",1
"place","american",1
"place","call",1
"place","friend",1
"place","intrigue",1
"place","let",1
"place","other",1
"place","summit",1
"place","support",1
"place","uncertain",1
"place","wield",1
"plague","fuel",1
"plague","raise",1
"plan","accidental",1
"plan","make",1
"plan","memory",1
"planet","bear",1
"planet","command",1
"planet","cry",1
"planet","let",1
"planet","live",1
"play","part",1
"play","role",1
"play","tolerance",1
"pleasure","rich",1
"pledge","convert",1
"pledge","end",1
"pledge","good",1
"pledge","honor",1
"pledge","loyalty",1
"pledge","make",1
"pledge","much",1
"pledge","promise",1
"pledge","request",1
"pledge","strength",1
"pledge","support",1
"pledge","word",1
"pledge","work",1
"plenty","say",1
"plow","hard",1
"point","moment",1
"politic","doesn",1
"politic","face",1
"politic","petty",1
"politic","power",1
"politic","treat",1
"politic","voice",1
"political","argument",1
"political","conviction",1
"political","diversity",1
"political","extremism",1
"political","process",1
"poor","child",1
"poor","nation",1
"poor","save",1
"poor","sick",1
"port","airport",1
"position","worry",1
"possess","quality",1
"possession","travel",1
"possibility","abandon",1
"possibility","citizen",1
"possibility","eye",1
"possibility","limitless",1
"possibility","much",1
"possibility","personal",1
"possible","force",1
"posterity","posterity",1
"posterity","world",1
"potential","citizen",1
"potential","people",1
"poverty","disease",1
"poverty","form",1
"poverty","know",1
"poverty","parent",1
"power","abolish",1
"power","corruption",1
"power","destroy",1
"power","destruction",1
"power","example",1
"power","generate",1
"power","grow",1
"power","have",1
"power","idea",1
"power","information",1
"power","know",1
"power","make",1
"power","office",1
"power","possibility",1
"power","power",1
"power","privilege",1
"power","profit",1
"power","protect",1
"power","ride",1
"power","save",1
"power","set",1
"power","yes",1
"powerful","challenge",1
"powerful","force",1
"powerful","group",1
"powerful","people",1
"powerful","storm",1
"powerful","truth",1
"prayer","century",1
"prayer","lose",1
"prayer","remember",1
"prayer","unfold",1
"preacher","say",1
"precious","democracy",1
"precious","light",1
"precise","path",1
"precise","proposal",1
"predecessor","half",1
"predecessor","party",1
"preeminent","mission",1
"prefer","leisure",1
"prejudice","contempt",1
"prejudice","mere",1
"prejudice","prejudice",1
"prepare","new",1
"prescribe","century",1
"presence","today",1
"present","course",1
"present","nation",1
"preservation","liberty",1
"preserve","ideal",1
"preserve","individual",1
"preserve","planet",1
"preserve","th",1
"preserve","very",1
"presidential","inauguration",1
"presidential","oath",1
"press","speed",1
"pretense","religious",1
"prevent","become",1
"prey","hostile",1
"price","burden",1
"price","change",1
"price","pay",1
"price","promise",1
"pride","work",1
"prideful","isolation",1
"principle","common",1
"principle","liberty",1
"principle","meet",1
"principle","require",1
"principle","substitute",1
"privilege","few",1
"privilege","shout",1
"prize","possession",1
"probe","fall",1
"problem","belaboring",1
"problem","divide",1
"problem","seem",1
"problem","strong",1
"proclaim","end",1
"proclaim","individual",1
"produce","great",1
"product","reach",1
"productive","crisis",1
"productive","economy",1
"profound","sap",1
"profound","way",1
"program","end",1
"program","inadequate",1
"progress","assist",1
"progress","compel",1
"progress","exhaust",1
"progress","have",1
"progress","history",1
"progress","make",1
"progress","security",1
"progress","strife",1
"promise","bear",1
"promise","citizenship",1
"promise","democracy",1
"promise","equal",1
"promise","explode",1
"promise","fight",1
"promise","generation",1
"promise","get",1
"promise","greatness",1
"promise","judge",1
"promise","land",1
"promise","make",1
"promise","nation",1
"promise","old",1
"promise","perfect",1
"promise","recrimination",1
"promise","reform",1
"promise","say",1
"promise","seek",1
"promise","st",1
"prophet","old",1
"proposal","inspection",1
"prospect","human",1
"prosper","favor",1
"prosperity","ability",1
"prosperity","freedom",1
"prosperity","inherit",1
"prosperity","power",1
"prosperity","rest",1
"prosperity","still",1
"prosperous","great",1
"prosperous","powerful",1
"prosperous","ready",1
"protect","entitle",1
"protect","great",1
"protect","narrow",1
"protect","nation",1
"protect","people",1
"protect","troop",1
"protester","try",1
"proud","ancient",1
"proud","stretch",1
"prove","resilience",1
"provide","child",1
"provide","knowledge",1
"provide","nation",1
"province","physicist",1
"prudent","use",1
"public","dollar",1
"public","good",1
"public","school",1
"public","servant",1
"purpose","become",1
"purpose","conflict",1
"purpose","endure",1
"purpose","find",1
"purpose","hour",1
"purpose","know",1
"purpose","necessity",1
"purpose","passion",1
"purpose","resolve",1
"pursue","full",1
"pursue","mastery",1
"pursuit","believer",1
"push","jungle",1
"put","edge",1
"put","pen",1
"put","people",1
"put","personal",1
"putting","unpleasant",1
"quality","humility",1
"quality","low",1
"quality","world",1
"quarter","world",1
"quest","ceaseless",1
"quest","hopeful",1
"quest","peace",1
"quest","quest",1
"question","american",1
"question","ask",1
"question","market",1
"question","master",1
"question","scale",1
"question","time",1
"quiet","force",1
"quiet","lane",1
"race","alter",1
"race","constant",1
"race","faith",1
"racial","religious",1
"racism","climate",1
"racism","nativism",1
"rage","storm",1
"rage","virus",1
"railroad","highway",1
"raise","health",1
"raise","shadow",1
"raise","unrivaled",1
"raise","voice",1
"rank","free",1
"rapid","fantastic",1
"rare","difficult",1
"raw","live",1
"reach","care",1
"reach","few",1
"reach","globe",1
"reach","harvest",1
"reach","network",1
"reach","prosperity",1
"read","hire",1
"read","people",1
"read","play",1
"read","write",1
"ready","future",1
"ready","lead",1
"reaffirm","endure",1
"reaffirm","greatness",1
"real","american",1
"real","difference",1
"real","enemy",1
"real","know",1
"real","mean",1
"real","opportunity",1
"reality","people",1
"reality","racism",1
"reality","time",1
"realize","dream",1
"realize","full",1
"reap","faint",1
"reason","debate",1
"reason","faith",1
"reason","show",1
"reborn","world",1
"rebuild","home",1
"rebuild","middle",1
"recall","bind",1
"recall","early",1
"recent","week",1
"recite","other",1
"reclaim","street",1
"recognition","part",1
"recognize","matter",1
"recognize","simple",1
"reconnect","tear",1
"record","number",1
"recovery","begin",1
"recrimination","wear",1
"red","blue",1
"rededicate","very",1
"redeem","promise",1
"reduce","cost",1
"reform","bad",1
"reform","necessary",1
"reform","school",1
"refuse","let",1
"regain","participation",1
"regard","effect",1
"region","soul",1
"reject","belief",1
"reject","culture",1
"reject","false",1
"reject","seek",1
"rejoice","hope",1
"rejoice","work",1
"rekindle","old",1
"relative","plenty",1
"relinquish","skepticism",1
"remain","anchor",1
"remain","challenge",1
"remain","faithful",1
"remain","master",1
"remain","prosperous",1
"remain","undiminished",1
"remain","young",1
"remake","government",1
"remake","world",1
"remarkable","century",1
"remember","citizen",1
"remember","humble",1
"remember","lesson",1
"remember","lose",1
"remember","past",1
"remember","side",1
"remembrance","travel",1
"remind","watchful",1
"remind","world",1
"renew","bold",1
"renew","century",1
"renew","institution",1
"renew","meet",1
"renew","nation",1
"renew","pledge",1
"renew","revitalize",1
"renewal","be",1
"renewal","begin",1
"renewal","ceremony",1
"renewal","challenge",1
"renewal","change",1
"renewal","resolve",1
"reopen","old",1
"repair","alliance",1
"repair","restore",1
"repairer","breach",1
"repeat","today",1
"replace","generous",1
"replace","iron",1
"replace","tyranny",1
"represent","great",1
"republic","border",1
"republic","government",1
"republic","nation",1
"request","side",1
"require","act",1
"require","agree",1
"require","collective",1
"require","communist",1
"require","constant",1
"require","elusive",1
"require","much",1
"require","perpetual",1
"require","railroad",1
"require","remember",1
"require","sacrifice",1
"require","want",1
"research","lab",1
"resentment","hatred",1
"reserve","lucky",1
"resilience","constitution",1
"resilience","decade",1
"resist","transition",1
"resolve","cascade",1
"resolve","difference",1
"resolve","great",1
"resolve","make",1
"resolve","prove",1
"resolve","reform",1
"resolve","time",1
"resolve","turn",1
"resource","fracture",1
"resource","have",1
"resource","real",1
"resource","regard",1
"respect","honor",1
"respect","politic",1
"respond","threat",1
"response","new",1
"responsibility","be",1
"responsibility","citizen",1
"responsibility","constant",1
"responsibility","have",1
"responsibility","recognition",1
"responsibility","welcome",1
"responsibility","world",1
"responsible","citizenship",1
"rest","broad",1
"rest","citizen",1
"rest","eternal",1
"rest","faith",1
"rest","final",1
"rest","try",1
"rest","unchanged",1
"restaurant","stand",1
"restless","bold",1
"restless","quest",1
"restore","heal",1
"restore","science",1
"restore","soul",1
"restore","vital",1
"retirement","dignify",1
"retirement","health",1
"retreat","compete",1
"retreat","conquer",1
"return","office",1
"return","truth",1
"revamp","tax",1
"reveal","play",1
"revitalize","democracy",1
"revolution","hope",1
"revolution","much",1
"revolution","renew",1
"revolution","value",1
"revolutionary","belief",1
"reward","come",1
"reward","effort",1
"reward","history",1
"reward","work",1
"rich","fame",1
"rich","harvest",1
"rich","texture",1
"ride","back",1
"right","african",1
"right","dissent",1
"right","life",1
"right","movement",1
"right","nation",1
"right","value",1
"rightful","place",1
"riotous","mob",1
"rise","challenge",1
"rise","middle",1
"rise","occasion",1
"rise","political",1
"rise","tide",1
"rise","treat",1
"risk","gift",1
"risk","make",1
"risk","taker",1
"river","abandon",1
"road","bridge",1
"road","network",1
"road","people",1
"road","unfold",1
"rob","become",1
"rob","law",1
"rocket","head",1
"rocket","move",1
"role","defend",1
"role","usher",1
"role","world",1
"roll","come",1
"roll","specter",1
"route","common",1
"rugged","path",1
"rule","ensure",1
"rule","mob",1
"run","factory",1
"run","nation",1
"rural","urban",1
"rush","day",1
"sacred","grind",1
"sacred","responsibility",1
"sacrifice","ask",1
"sacrifice","bear",1
"sacrifice","do",1
"sacrifice","keep",1
"sacrifice","own",1
"sacrifice","setback",1
"sacrifice","triumph",1
"sacrifice","work",1
"safe","found",1
"safe","harm",1
"safe","record",1
"safe","school",1
"safety","ideal",1
"saint","church",1
"sake","change",1
"sake","own",1
"sake","provide",1
"salute","lifetime",1
"salute","predecessor",1
"same","chance",1
"same","child",1
"same","high",1
"same","journey",1
"same","precise",1
"same","revolutionary",1
"same","solemn",1
"same","source",1
"same","time",1
"same","way",1
"sap","confidence",1
"sap","initiative",1
"satisfy","spirit",1
"save","few",1
"save","union",1
"save","world",1
"say","afford",1
"say","challenge",1
"say","child",1
"say","color",1
"say","endure",1
"say","hear",1
"say","lead",1
"say","moment",1
"say","new",1
"say","quote",1
"say","silent",1
"say","sorrowful",1
"say","spirit",1
"say","walk",1
"scale","ambition",1
"scar","union",1
"scene","different",1
"scholar","young",1
"school","empower",1
"school","fail",1
"school","have",1
"school","split",1
"schoolchild","scientist",1
"science","engulf",1
"science","none",1
"science","rightful",1
"science","teacher",1
"science","terror",1
"scientist","decode",1
"scourge","slavery",1
"scripture","say",1
"scripture","time",1
"sear","memory",1
"search","new",1
"season","american",1
"season","demand",1
"season","reap",1
"season","service",1
"secret","nature",1
"secret","place",1
"secure","deliver",1
"secure","future",1
"secure","liberty",1
"secure","peace",1
"secure","people",1
"secure","retirement",1
"security","dignity",1
"security","emanate",1
"security","last",1
"security","liberty",1
"security","look",1
"security","old",1
"see","app",1
"see","big",1
"see","broad",1
"see","dark",1
"see","embrace",1
"see","friend",1
"see","imagine",1
"see","land",1
"see","light",1
"see","name",1
"see","other",1
"see","promise",1
"see","show",1
"seek","advance",1
"seek","dominion",1
"seek","future",1
"seek","greatness",1
"seek","happiness",1
"seek","invoke",1
"seek","nation",1
"seek","perfect",1
"seek","pleasure",1
"seek","power",1
"seek","reopen",1
"seek","shake",1
"seek","sow",1
"seek","vote",1
"seem","certain",1
"seem","close",1
"seem","destine",1
"seem","tower",1
"segregation","emerge",1
"seize","gladly",1
"seize","opportunity",1
"seize","people",1
"seize","seize",1
"self","destruction",1
"self","government",1
"selflessness","worker",1
"sell","drug",1
"send","pay",1
"serious","many",1
"serious","precise",1
"servant","family",1
"serve","glow",1
"serve","local",1
"serve","nation",1
"serve","oath",1
"serve","other",1
"serve","recognize",1
"serve","today",1
"service","act",1
"service","nation",1
"service","need",1
"service","surround",1
"service","take",1
"service","thank",1
"service","think",1
"service","valley",1
"service","willingness",1
"set","childish",1
"set","clear",1
"set","country",1
"set","politic",1
"setback","good",1
"settle","century",1
"settle","endure",1
"settle","little",1
"shadow","cold",1
"shadow","dome",1
"shake","confidence",1
"shake","foundation",1
"shake","old",1
"shake","remake",1
"shape","change",1
"shape","debate",1
"shape","force",1
"shape","hope",1
"shape","language",1
"shape","uncertain",1
"share","fruit",1
"share","pledge",1
"shed","business",1
"shield","new",1
"shift","stale",1
"shoe","mom",1
"shoe","thing",1
"shoot","sell",1
"shore","icy",1
"short","forget",1
"shortcut","settle",1
"shoulder","increase",1
"shoulder","rise",1
"shoulder","shoulder",1
"shout","low",1
"shout","voice",1
"show","courage",1
"show","little",1
"show","respect",1
"show","transition",1
"show","world",1
"shrink","challenge",1
"shrink","few",1
"shrink","responsibility",1
"shutter","health",1
"shutter","window",1
"sick","body",1
"sick","marginalize",1
"side","begin",1
"side","civility",1
"side","color",1
"side","explore",1
"side","first",1
"side","history",1
"side","join",1
"side","overburden",1
"side","seek",1
"side","unite",1
"sight","land",1
"sight","nation",1
"sight","sound",1
"sight","today",1
"sign","duty",1
"sign","emancipation",1
"sign","weakness",1
"significant","possibility",1
"signify","renewal",1
"silence","dissent",1
"silence","observe",1
"silence","will",1
"simple","powerful",1
"sincerity","subject",1
"sing","unsung",1
"single","american",1
"single","person",1
"sister","republic",1
"sister","treat",1
"size","deficit",1
"size","gross",1
"skepticism","central",1
"skill","courage",1
"skill","need",1
"skill","vision",1
"skin","tenet",1
"slaughter","innocent",1
"slave","half",1
"sleep","free",1
"sleep","know",1
"sleep","unplowed",1
"slow","undo",1
"small","band",1
"small","common",1
"small","fear",1
"small","few",1
"small","life",1
"small","village",1
"small","work",1
"smoke","parent",1
"snow","cap",1
"snow","stain",1
"society","help",1
"society","order",1
"society","unleash",1
"soil","fuel",1
"soldier","meet",1
"soldier","sign",1
"solemn","duty",1
"solemn","forebear",1
"solution","founder",1
"son","daughter",1
"song","mean",1
"sorrowful","day",1
"soul","bring",1
"soul","harden",1
"soul","secure",1
"soul","today",1
"sound","ceremony",1
"sound","foolish",1
"sound","song",1
"source","confidence",1
"source","do",1
"source","hope",1
"source","long",1
"sow","conflict",1
"space","continent",1
"spare","hall",1
"spark","possibility",1
"speak","dream",1
"speak","face",1
"speak","last",1
"speak","loud",1
"speak","other",1
"speak","rise",1
"speak","today",1
"speak","unity",1
"special","pledge",1
"spectacle","politic",1
"specter","warm",1
"speed","travel",1
"speed","urgency",1
"spend","poverty",1
"spend","reform",1
"spill","country",1
"spin","control",1
"spin","year",1
"spirit","believe",1
"spirit","choose",1
"spirit","confer",1
"spirit","define",1
"spirit","give",1
"spirit","inhabit",1
"spirit","service",1
"spirit","strong",1
"spiritual","origin",1
"split","asunder",1
"split","atom",1
"spread","continent",1
"spread","deadly",1
"spread","nation",1
"spread","world",1
"spring","do",1
"spring","reborn",1
"spring","spring",1
"stable","collapse",1
"stage","make",1
"stagnant","wage",1
"stain","blood",1
"stain","legacy",1
"stairway","fill",1
"stake","peaceful",1
"stale","political",1
"stalk","country",1
"stand","alone",1
"stand","beacon",1
"stand","day",1
"stand","edge",1
"stand","go",1
"stand","hero",1
"stand","mighty",1
"stand","other",1
"stand","pat",1
"stand","prideful",1
"stand","shadow",1
"stand","shoe",1
"stand","take",1
"stand","testament",1
"stand","today",1
"stand","value",1
"stand","way",1
"standard","strength",1
"standard","world",1
"star","conquer",1
"star","guide",1
"star","reach",1
"stare","ceil",1
"start","let",1
"starve","body",1
"state","chaos",1
"state","economy",1
"state","hand",1
"state","welcome",1
"statistic","little",1
"stay","hand",1
"steadfastness","sacrifice",1
"steady","spread",1
"steel","resolve",1
"step","do",1
"sterile","battalion",1
"stick","side",1
"still","water",1
"sting","systemic",1
"stop","shout",1
"stop","work",1
"storm","come",1
"storm","stairway",1
"storm","strife",1
"story","decency",1
"story","depend",1
"story","great",1
"story","guide",1
"story","hope",1
"story","inspire",1
"story","sound",1
"story","story",1
"story","tell",1
"strange","brave",1
"strange","different",1
"strange","hope",1
"strange","levee",1
"stranger","union",1
"strangle","politic",1
"street","drug",1
"street","echo",1
"street","hill",1
"street","safe",1
"strength","arm",1
"strength","be",1
"strength","constitution",1
"strength","decency",1
"strength","hear",1
"strength","nation",1
"strength","persevere",1
"strength","sacrifice",1
"strength","spirit",1
"strength","strength",1
"strength","union",1
"strength","weakness",1
"strengthen","achievement",1
"strengthen","shield",1
"stretch","talent",1
"strife","achieve",1
"strife","peace",1
"strive","hopeful",1
"strive","live",1
"strong","alliance",1
"strong","be",1
"strong","break",1
"strong","defense",1
"strong","endure",1
"strong","family",1
"strong","prosperous",1
"strong","step",1
"strong","trust",1
"strong","unite",1
"strong","weak",1
"strong","weaken",1
"struggle","american",1
"struggle","break",1
"struggle","common",1
"struggle","divide",1
"struggle","year",1
"student","engineer",1
"sturdy","alliance",1
"subject","datum",1
"subject","proof",1
"substitute","spectacle",1
"succeed","else",1
"succeed","have",1
"succeed","shrink",1
"succeed","succeed",1
"success","depend",1
"success","economy",1
"success","failure",1
"succumb","dark",1
"succumb","fiction",1
"such","dream",1
"sudden","illness",1
"suffer","border",1
"suffer","die",1
"sufficient","certain",1
"suggest","system",1
"sum","individual",1
"summit","century",1
"summon","call",1
"summon","change",1
"summon","give",1
"summon","myriad",1
"sun","wind",1
"sunshine","freedom",1
"support","campaign",1
"support","democracy",1
"support","do",1
"support","friend",1
"support","let",1
"support","own",1
"support","prevent",1
"support","view",1
"supremacy","domestic",1
"sure","do",1
"sure","friend",1
"sure","reward",1
"sure","route",1
"surpass","achievement",1
"surrender","change",1
"surround","globe",1
"surrounding","enlarge",1
"survival","come",1
"survival","success",1
"survive","city",1
"survive","half",1
"suspicion","fear",1
"suspicion","let",1
"sustain","benefit",1
"sustain","faith",1
"sustain","journey",1
"sustainable","energy",1
"swear","american",1
"swear","enemy",1
"swear","first",1
"swear","today",1
"swear","uphold",1
"sweat","hand",1
"sweat","send",1
"sweatshop","settle",1
"sweep","terrible",1
"swift","act",1
"swill","civil",1
"sword","learn",1
"symbolize","end",1
"system","tolerate",1
"systemic","racism",1
"table","good",1
"take","alone",1
"take","amidst",1
"take","comfort",1
"take","many",1
"take","measure",1
"take","much",1
"take","presidential",1
"take","risk",1
"take","strange",1
"take","strong",1
"taker","doer",1
"taker","free",1
"talent","rejoice",1
"tank","sturdy",1
"tap","ocean",1
"target","old",1
"task","carry",1
"task","grateful",1
"task","make",1
"task","new",1
"task","price",1
"task","time",1
"task","today",1
"taste","bitter",1
"teach","painful",1
"teach","preservation",1
"teach","read",1
"teacher","need",1
"tear","community",1
"tear","have",1
"technology","magical",1
"technology","power",1
"technology","remake",1
"technology","wonder",1
"tell","age",1
"tell","dream",1
"tell","future",1
"tell","power",1
"tell","thing",1
"tell","today",1
"tell","truth",1
"temper","flame",1
"temper","knowledge",1
"temper","quality",1
"temper","war",1
"temperature","unity",1
"tempt","weakness",1
"tenet","faith",1
"term","flourish",1
"terrible","storm",1
"terrific","danger",1
"terror","destruction",1
"terror","let",1
"terror","slaughter",1
"terror","stay",1
"terror","torment",1
"terrorism","confront",1
"test","come",1
"test","crisis",1
"test","go",1
"test","refuse",1
"test","rise",1
"testament","resolve",1
"testimony","national",1
"texture","racial",1
"thank","bottom",1
"thank","million",1
"thank","much",1
"thank","predecessor",1
"thank","service",1
"thing","big",1
"thing","celebrate",1
"thing","change",1
"thing","democracy",1
"thing","important",1
"thing","life",1
"thing","nation",1
"thing","old",1
"thing","sap",1
"thing","true",1
"think","family",1
"think","know",1
"think","power",1
"think","use",1
"think","world",1
"thirty","year",1
"thousand","business",1
"thousand","protester",1
"threat","climate",1
"threat","demand",1
"threat","nuclear",1
"threat","roll",1
"threaten","ancient",1
"threaten","bankrupt",1
"threaten","planet",1
"thrive","be",1
"thrive","community",1
"thrive","person",1
"thrive","secure",1
"thrive","trade",1
"thy","people",1
"tide","prosperity",1
"tie","bind",1
"tiger","end",1
"time","achieve",1
"time","acrimony",1
"time","be",1
"time","boldness",1
"time","break",1
"time","century",1
"time","challenge",1
"time","chance",1
"time","choose",1
"time","cut",1
"time","decision",1
"time","defend",1
"time","face",1
"time","fellow",1
"time","formulate",1
"time","gather",1
"time","have",1
"time","know",1
"time","let",1
"time","mission",1
"time","nation",1
"time","new",1
"time","own",1
"time","pass",1
"time","reach",1
"time","same",1
"time","secret",1
"time","soldier",1
"time","stand",1
"time","sustain",1
"time","test",1
"time","time",1
"time","vote",1
"time","work",1
"timeless","generation",1
"timeless","spirit",1
"timeless","wisdom",1
"timeless","word",1
"today","answer",1
"today","be",1
"today","begin",1
"today","commonplace",1
"today","continue",1
"today","day",1
"today","declare",1
"today","different",1
"today","else",1
"today","evident",1
"today","fall",1
"today","generation",1
"today","goal",1
"today","government",1
"today","grand",1
"today","heir",1
"today","home",1
"today","humble",1
"today","mark",1
"today","much",1
"today","old",1
"today","one",1
"today","peaceful",1
"today","permanent",1
"today","pick",1
"today","pledge",1
"today","speak",1
"today","thank",1
"today","time",1
"today","vision",1
"today","vow",1
"today","we",1
"today","world",1
"together","friend",1
"toil","sweat",1
"toil","sweatshop",1
"toil","tear",1
"tolerance","curiosity",1
"tolerance","humility",1
"tolerance","opportunity",1
"tolerate","many",1
"tomorrow","challenge",1
"tomorrow","grow",1
"tomorrow","support",1
"tomorrow","yesterday",1
"tool","solve",1
"torch","pass",1
"torment","life",1
"total","war",1
"touch","tragedy",1
"tough","deadly",1
"tower","control",1
"trade","innovation",1
"tragedy","exhilarate",1
"train","math",1
"train","worker",1
"transfer","power",1
"transform","school",1
"transform","unity",1
"transition","forty",1
"transition","lead",1
"travel","commerce",1
"travel","land",1
"travel","ocean",1
"treasure","forest",1
"treasure","spill",1
"treat","citizen",1
"treat","else",1
"treat","name",1
"treat","other",1
"trepidation","understand",1
"tribe","dissolve",1
"tribulation","struggle",1
"triumph","candidate",1
"triumph","depression",1
"triumph","promise",1
"trouble","call",1
"trouble","child",1
"trumpet","summon",1
"trust","bestow",1
"trust","fellow",1
"trust","partner",1
"trust","people",1
"trust","public",1
"truth","be",1
"truth","create",1
"truth","defeat",1
"truth","justice",1
"truth","need",1
"truth","rage",1
"truth","recent",1
"truth","take",1
"try","block",1
"try","gain",1
"try","probe",1
"try","resolve",1
"try","shoot",1
"try","solve",1
"try","try",1
"turmoil","triumph",1
"turn","authority",1
"turn","falter",1
"turn","retreat",1
"turn","swear",1
"turn","task",1
"twilight","struggle",1
"twilight","year",1
"tyranny","king",1
"tyranny","long",1
"tyranny","misery",1
"tyranny","poverty",1
"ugly","reality",1
"unalienable","right",1
"uncertain","balance",1
"uncertain","destiny",1
"uncertain","future",1
"uncertain","hand",1
"unchanged","character",1
"uncivil","war",1
"unclench","fist",1
"unclimbed","ridge",1
"uncrossed","desert",1
"understand","be",1
"understand","country",1
"understand","dad",1
"understand","give",1
"understand","greatness",1
"understand","many",1
"understand","nation",1
"understand","outwear",1
"understand","power",1
"understand","time",1
"understand","war",1
"understand","world",1
"understand","worry",1
"undertake","mission",1
"undiminished","time",1
"undo","heavy",1
"undo","human",1
"unfold","remember",1
"unfold","story",1
"unfortunate","may",1
"uniform","temper",1
"union","abolish",1
"union","become",1
"union","century",1
"union","change",1
"union","depend",1
"union","found",1
"union","generation",1
"union","hang",1
"union","mean",1
"union","reality",1
"union","world",1
"uniquely","american",1
"unite","ask",1
"unite","fight",1
"unite","heed",1
"unite","help",1
"unite","people",1
"unity","be",1
"unity","division",1
"unity","do",1
"unity","idea",1
"unity","interest",1
"unity","path",1
"unity","sign",1
"unity","sound",1
"unity","unity",1
"university","meet",1
"unleash","limitless",1
"unleash","science",1
"unmatched","crisis",1
"unmatched","skill",1
"unmistakable","chorus",1
"unpleasant","decision",1
"unplowed","grind",1
"unrivaled","center",1
"unrivaled","prosperity",1
"unsung","leave",1
"untended","great",1
"unwilling","witness",1
"uphold","news",1
"uphold","value",1
"uproot","old",1
"urban","conservative",1
"urgency","have",1
"urgent","question",1
"use","energy",1
"use","security",1
"use","violence",1
"usher","new",1
"value","endure",1
"value","free",1
"value","interest",1
"value","life",1
"value","nation",1
"value","strength",1
"value","success",1
"value","uproot",1
"venture","divide",1
"verse","stand",1
"very","first",1
"very","foundation",1
"very","hour",1
"very","idea",1
"vice","fellow",1
"vice","tell",1
"vice","vice",1
"victim","prejudice",1
"victory","assure",1
"victory","partial",1
"victory","party",1
"view","future",1
"vigilant","do",1
"village","father",1
"village","globe",1
"violence","disease",1
"violence","hatred",1
"violence","seek",1
"violence","silence",1
"virtue","let",1
"virtue","survive",1
"virus","grow",1
"virus","stalk",1
"vision","come",1
"vision","courage",1
"vision","government",1
"vision","high",1
"vision","promise",1
"vital","interest",1
"vital","trust",1
"vitality","national",1
"voice","lift",1
"voice","unmistakable",1
"vote","cast",1
"vote","historic",1
"vote","right",1
"vow","move",1
"vow","set",1
"vulnerable","protect",1
"wage","care",1
"wage","honest",1
"wage","increase",1
"wait","hour",1
"walk","hear",1
"wander","sleep",1
"want","do",1
"want","part",1
"war","assume",1
"war","await",1
"war","brave",1
"war","come",1
"war","discipline",1
"war","end",1
"war","forge",1
"war","let",1
"war","outpace",1
"war","pit",1
"war","reach",1
"war","reject",1
"war","segregation",1
"war","time",1
"war","turn",1
"warm","planet",1
"warm","sunshine",1
"waste","resource",1
"watch","child",1
"watch","thrive",1
"watch","watch",1
"watchful","eye",1
"water","air",1
"water","flow",1
"water","peace",1
"waterway","crop",1
"wave","fill",1
"wave","immigrant",1
"waver","defense",1
"way","advance",1
"way","assume",1
"way","base",1
"way","country",1
"way","course",1
"way","deserve",1
"way","do",1
"way","family",1
"way","follow",1
"way","help",1
"way","liberation",1
"way","life",1
"way","produce",1
"way","restless",1
"way","seek",1
"way","unity",1
"way","use",1
"way","way",1
"way","welcome",1
"we","salute",1
"weak","enlarge",1
"weak","secure",1
"weaken","business",1
"weaken","consequence",1
"weakness","arm",1
"weakness","sincerity",1
"wealth","army",1
"wealth","expand",1
"wealth","faction",1
"wealth","family",1
"weapon","alarm",1
"weapon","generation",1
"weapon","mastery",1
"weapon","port",1
"wear","dogma",1
"weary","do",1
"week","last",1
"week","month",1
"welcome","believe",1
"welcome","bend",1
"welcome","rank",1
"welcome","strive",1
"welfare","roll",1
"welfare","work",1
"wellspring","justice",1
"west","know",1
"whip","plow",1
"whole","candle",1
"whole","world",1
"whom","belong",1
"wield","technology",1
"wife","mother",1
"wife","son",1
"wilderness","success",1
"will","conscience",1
"will","heart",1
"will","press",1
"will","stand",1
"will","unclench",1
"willingness","find",1
"willingness","nurture",1
"win","much",1
"win","peace",1
"wind","road",1
"wind","soil",1
"window","help",1
"winter","hardship",1
"winter","hope",1
"winter","peril",1
"winter","word",1
"wisdom","face",1
"wisdom","knowledge",1
"wish","good",1
"witness","endure",1
"witness","permit",1
"woman","achieve",1
"woman","american",1
"woman","march",1
"woman","obscure",1
"woman","sing",1
"woman","steadfastness",1
"woman","struggle",1
"woman","uniform",1
"wonder","keep",1
"wonder","raise",1
"wonder","science",1
"word","ancient",1
"word","citizen",1
"word","form",1
"word","go",1
"word","good",1
"word","hope",1
"word","level",1
"word","move",1
"word","read",1
"word","reality",1
"word","right",1
"word","scripture",1
"work","bless",1
"work","cost",1
"work","courage",1
"work","democracy",1
"work","family",1
"work","go",1
"work","good",1
"work","government",1
"work","hand",1
"work","help",1
"work","imperfect",1
"work","important",1
"work","lessen",1
"work","make",1
"work","new",1
"work","own",1
"work","personal",1
"work","provide",1
"work","read",1
"work","rebuild",1
"work","remake",1
"work","season",1
"work","seek",1
"work","shape",1
"work","shoulder",1
"work","sick",1
"work","today",1
"work","turn",1
"work","wage",1
"worker","cut",1
"worker","farmer",1
"worker","productive",1
"workforce","expel",1
"world","act",1
"world","aid",1
"world","arm",1
"world","assembly",1
"world","boundary",1
"world","child",1
"world","communication",1
"world","compete",1
"world","democracy",1
"world","depth",1
"world","different",1
"world","divide",1
"world","duty",1
"world","economy",1
"world","engine",1
"world","enough",1
"world","enrich",1
"world","environment",1
"world","few",1
"world","force",1
"world","free",1
"world","go",1
"world","great",1
"world","grow",1
"world","height",1
"world","hold",1
"world","ignite",1
"world","indispensable",1
"world","know",1
"world","law",1
"world","let",1
"world","look",1
"world","meet",1
"world","mighty",1
"world","much",1
"world","old",1
"world","powerful",1
"world","productive",1
"world","purpose",1
"world","repeat",1
"world","resource",1
"world","same",1
"world","see",1
"world","seek",1
"world","stage",1
"world","strong",1
"world","together",1
"world","tyranny",1
"world","warm",1
"world","watch",1
"world","wealth",1
"worldly","possession",1
"worry","forget",1
"worry","job",1
"worship","way",1
"wound","rekindle",1
"writ","run",1
"write","american",1
"write","liberty",1
"write","much",1
"write","next",1
"write","people",1
"wrong","cure",1
"wrong","side",1
"wrong","waste",1
"year","advance",1
"year","birth",1
"year","capacity",1
"year","have",1
"year","inaugural",1
"year","internet",1
"year","lead",1
"year","lose",1
"year","make",1
"year","man",1
"year","much",1
"year","pandemic",1
"year","rejoice",1
"year","spend",1
"year","touch",1
"yes","form",1
"yes","important",1
"yesterday","challenge",1
"young","answer",1
"young","nation",1
"young","people",1
"young","season",1
"young","spirit",1
"young","student",1
